URN	Title	Author	Editor	Publisher	Publication Year
urn:cts:greekLit:stoa0033a.tlg028.1st1K-grc1	Aristotelis Opera	Aristotle	None	Oxford University Press	1837
urn:cts:greekLit:stoa0033a.tlg043.1st1K-grc1	Aristotelis Opera	Aristotle	None	Oxford University Press	1837
urn:cts:greekLit:tlg0015.tlg001.opp-grc1	Ab Excessu Divi Marci	Herodian	None	Teubner	1855
urn:cts:greekLit:tlg0018.tlg001.opp-grc1	Philonis Alexandrini Opera Qvae Svrersvnt	Leopoldvs Cohn	Leopoldvs Cohn	Typis Et Impensis Georgii Reimeri	XDCCCLXXXXI
urn:cts:greekLit:tlg0018.tlg002.opp-grc1	Philonis Alexandrini Opera Qvae Svrersvnt	Leopoldvs Cohn	Leopoldvs Cohn	Typis Et Impensis Georgii Reimeri	XDCCCLXXXXI
urn:cts:greekLit:tlg0018.tlg003.opp-grc1	Philonis Alexandrini Opera Qvae Svrersvnt	Leopoldvs Cohn	Leopoldvs Cohn	Typis Et Impensis Georgii Reimeri	XDCCCLXXXXI
urn:cts:greekLit:tlg0018.tlg004.opp-grc1	Philonis Alexandrini Opera Qvae Svrersvnt	Leopoldvs Cohn	Leopoldvs Cohn	Typis Et Impensis Georgii Reimeri	XDCCCLXXXXI
urn:cts:greekLit:tlg0018.tlg005.opp-grc1	Philonis Alexandrini Opera Qvae Svrersvnt	Leopoldvs Cohn	Leopoldvs Cohn	Typis Et Impensis Georgii Reimeri	XDCCCLXXXXI
urn:cts:greekLit:tlg0018.tlg006.opp-grc1	Philonis Alexandrini Opera Qvae Svrersvnt	Leopoldvs Cohn	Leopoldvs Cohn	Typis Et Impensis Georgii Reimeri	XDCCCLXXXXI
urn:cts:greekLit:tlg0018.tlg007.opp-grc1	Philonis Alexandrini Opera Qvae Svrersvnt	Leopoldvs Cohn	Leopoldvs Cohn	Typis Et Impensis Georgii Reimeri	XDCCCLXXXXI
urn:cts:greekLit:tlg0018.tlg008.opp-grc1	Philonis Alexandrini Opera Qvae Svrersvnt	Leopoldvs Cohn	Leopoldvs Cohn	Typis Et Impensis Georgii Reimeri	XDCCCLXXXXI
urn:cts:greekLit:tlg0018.tlg009.opp-grc1	Philonis Alexandrini Opera Qvae Svrersvnt	Leopoldvs Cohn	Leopoldvs Cohn	Typis Et Impensis Georgii Reimeri	XDCCCLXXXXI
urn:cts:greekLit:tlg0018.tlg010.opp-grc1	Philonis Alexandrini Opera Qvae Svrersvnt	Leopoldvs Cohn	Leopoldvs Cohn	Typis Et Impensis Georgii Reimeri	XDCCCLXXXXI
urn:cts:greekLit:tlg0018.tlg011.opp-grc1	Philonis Alexandrini Opera Qvae Svrersvnt	Leopoldvs Cohn	Leopoldvs Cohn	Typis Et Impensis Georgii Reimeri	XDCCCLXXXXI
urn:cts:greekLit:tlg0018.tlg012.opp-grc1	Philonis Alexandrini Opera Qvae Svrersvnt	Leopoldvs Cohn	Leopoldvs Cohn	Typis Et Impensis Georgii Reimeri	XDCCCLXXXXI
urn:cts:greekLit:tlg0018.tlg013.opp-grc1	Philonis Alexandrini Opera Qvae Svrersvnt	Leopoldvs Cohn	Leopoldvs Cohn	Typis Et Impensis Georgii Reimeri	XDCCCLXXXXI
urn:cts:greekLit:tlg0018.tlg014.opp-grc1	Philonis Alexandrini Opera Qvae Svrersvnt	Leopoldvs Cohn	Leopoldvs Cohn	Typis Et Impensis Georgii Reimeri	XDCCCLXXXXI
urn:cts:greekLit:tlg0018.tlg015.opp-grc1	Philonis Alexandrini Opera Qvae Svrersvnt	Leopoldvs Cohn	Leopoldvs Cohn	Typis Et Impensis Georgii Reimeri	XDCCCLXXXXI
urn:cts:greekLit:tlg0018.tlg016.opp-grc1	Philonis Alexandrini Opera Qvae Svrersvnt	Leopoldvs Cohn	Leopoldvs Cohn	Typis Et Impensis Georgii Reimeri	XDCCCLXXXXI
urn:cts:greekLit:tlg0018.tlg017.opp-grc1	Philonis Alexandrini Opera Qvae Svrersvnt	Leopoldvs Cohn	Leopoldvs Cohn	Typis Et Impensis Georgii Reimeri	XDCCCLXXXXI
urn:cts:greekLit:tlg0018.tlg018.opp-grc1	Philonis Alexandrini Opera Qvae Svrersvnt	Leopoldvs Cohn	Leopoldvs Cohn	Typis Et Impensis Georgii Reimeri	XDCCCLXXXXI
urn:cts:greekLit:tlg0018.tlg019.opp-grc1	Philonis Alexandrini Opera Qvae Svrersvnt	Leopoldvs Cohn	Leopoldvs Cohn	Typis Et Impensis Georgii Reimeri	XDCCCLXXXXI
urn:cts:greekLit:tlg0018.tlg020.opp-grc1	Philonis Alexandrini Opera Qvae Svpersvnt	Leopoldvs Cohn Et Pavlvs Wendland	Leopoldvs Cohn Et Pavlvs Wendland	Typis Et Impensis Georgii Reimeri	MCMII
urn:cts:greekLit:tlg0018.tlg021.opp-grc1	Philonis Alexandrini Opera Qvae Svpersvnt	Leopoldvs Cohn Et Pavlvs Wendland	Leopoldvs Cohn Et Pavlvs Wendland	Typis Et Impensis Georgii Reimeri	MCMII
urn:cts:greekLit:tlg0018.tlg022.opp-grc1	Philonis Alexandrini Opera Qvae Svpersvnt	Leopoldvs Cohn Et Pavlvs Wendland	Leopoldvs Cohn Et Pavlvs Wendland	Typis Et Impensis Georgii Reimeri	MCMII
urn:cts:greekLit:tlg0018.tlg023.opp-grc1	Philonis Alexandrini Opera Qvae Svpersvnt	Leopoldvs Cohn Et Pavlvs Wendland	Leopoldvs Cohn Et Pavlvs Wendland	Typis Et Impensis Georgii Reimeri	MCMII
urn:cts:greekLit:tlg0018.tlg024.opp-grc1	Philonis Alexandrini Opera Qvae Svpersvnt	Leopoldvs Cohn Et Pavlvs Wendland	Leopoldvs Cohn Et Pavlvs Wendland	Typis Et Impensis Georgii Reimeri	MCMII
urn:cts:greekLit:tlg0018.tlg025.opp-grc1	Philonis Alexandrini Opera Qvae Svpersvnt	Leopoldvs Cohn Et Pavlvs Wendland	Leopoldvs Cohn Et Pavlvs Wendland	Typis Et Impensis Georgii Reimeri	MCMII
urn:cts:greekLit:tlg0018.tlg026.opp-grc1	Philonis Alexandrini Opera Qvae Svpersvnt	Leopoldvs Cohn Et Pavlvs Wendland	Leopoldvs Cohn Et Pavlvs Wendland	Typis Et Impensis Georgii Reimeri	MCMII
urn:cts:greekLit:tlg0018.tlg027.opp-grc1	Philonis Alexandrini Opera Qvae Svpersvnt	Leopoldvs Cohn Et Pavlvs Wendland	Leopoldvs Cohn Et Pavlvs Wendland	Typis Et Impensis Georgii Reimeri	MCMII
urn:cts:greekLit:tlg0018.tlg028.opp-grc1	Philonis Alexandrini Opera Qvae Svpersvnt	Leopoldvs Cohn Et Pavlvs Wendland	Leopoldvs Cohn Et Pavlvs Wendland	Typis Et Impensis Georgii Reimeri	MCMII
urn:cts:greekLit:tlg0018.tlg029.opp-grc1	Philonis Alexandrini Opera Qvae Svpersvnt	Leopoldvs Cohn Et Pavlvs Wendland	Leopoldvs Cohn Et Pavlvs Wendland	Typis Et Impensis Georgii Reimeri	MCMII
urn:cts:greekLit:tlg0018.tlg030.opp-grc1	Philonis Alexandrini Opera Qvae Svpersvnt	Leopoldvs Cohn Et Pavlvs Wendland	Leopoldvs Cohn Et Pavlvs Wendland	Typis Et Impensis Georgii Reimeri	MCMII
urn:cts:greekLit:tlg0018.tlg031.opp-grc1	Philonis Alexandrini Opera Qvae Svpersvnt	Leopoldvs Cohn Et Pavlvs Wendland	Leopoldvs Cohn Et Pavlvs Wendland	Typis Et Impensis Georgii Reimeri	MCMII
urn:cts:greekLit:tlg0057.tlg001.1st1K-grc1	Claudii Galeni Opera Omnia	Galen	None	Cnobloch	1821
urn:cts:greekLit:tlg0057.tlg001.1st1K-grc2	Claudii Galeni Protreptici Quae Supersunt	Galen	None	Weidmann	1894
urn:cts:greekLit:tlg0057.tlg002.1st1K-grc1	Claudii Galeni Opera Omnia	Galen	None	Cnobloch	1821
urn:cts:greekLit:tlg0057.tlg003.1st1K-grc1	Claudii Galeni Opera Omnia	Galen	None	Cnobloch	1821
urn:cts:greekLit:tlg0057.tlg004.1st1K-grc1	Claudii Galeni Opera Omnia	Galen	None	Cnobloch	1821
urn:cts:greekLit:tlg0057.tlg006.1st1K-grc1	Claudii Galeni Opera Omnia	Galen	None	Cnobloch	1821
urn:cts:greekLit:tlg0057.tlg007.1st1K-grc1	Claudii Galeni Opera Omnia	Galen	None	Cnobloch	1821
urn:cts:greekLit:tlg0057.tlg008.1st1K-grc1	Claudii Galeni Opera Omnia	Galen	None	Cnobloch	1821
urn:cts:greekLit:tlg0057.tlg009.1st1K-grc1	Claudii Galeni Opera Omnia	Galen	None	Cnobloch	1821
urn:cts:greekLit:tlg0057.tlg009.1st1K-grc2	Galeni De Temperamentis Libri Iii	Galen	None	B. G. Teubner	1904
urn:cts:greekLit:tlg0057.tlg010.1st1K-grc1	Claudii Galeni Opera Omnia	Galen	None	Cnobloch	1821
urn:cts:greekLit:tlg0057.tlg011.1st1K-grc1	Claudii Galeni Opera Omnia	Galen	None	Cnobloch	1821
urn:cts:greekLit:tlg0057.tlg012.1st1K-grc1	Claudii Galeni Opera Omnia	Galen	None	Cnobloch	1821
urn:cts:greekLit:tlg0057.tlg013.1st1K-grc1	Claudii Galeni Opera Omnia	Galen	None	Cnobloch	1821
urn:cts:greekLit:tlg0057.tlg014.1st1K-grc1	Claudii Galeni Opera Omnia	Galen	None	Cnobloch	1821
urn:cts:greekLit:tlg0057.tlg015.1st1K-grc1	Claudii Galeni Opera Omnia	Galen	None	Cnobloch	1821
urn:cts:greekLit:tlg0057.tlg016.1st1K-grc1	Claudii Galeni Opera Omnia	Galen	None	Cnobloch	1821
urn:cts:greekLit:tlg0057.tlg017.1st1K-grc1	Claudii Galeni Opera Omnia	Galen	None	Cnobloch	1822
urn:cts:greekLit:tlg0057.tlg018.1st1K-grc1	Claudii Galeni Opera Omnia	Galen	None	Cnobloch	1822
urn:cts:greekLit:tlg0057.tlg019.1st1K-grc1	Galeni De Victu Attenuante Liber	Galen	None	B. G. Teubner	1898
urn:cts:greekLit:tlg0057.tlg019.opp-grc1	Galeni	Carolus Kalbfleisch	Carolus Kalbfleisch	In Aedibus B.G. Teubneri	MDCCCXCVIII.
urn:cts:greekLit:tlg0057.tlg020.1st1K-grc1	Claudii Galeni Opera Omnia	Galen	None	Cnobloch	1822
urn:cts:greekLit:tlg0057.tlg021.1st1K-grc1	Claudii Galeni Opera Omnia	Galen	None	Cnobloch	1822
urn:cts:greekLit:tlg0057.tlg022.1st1K-grc1	Claudii Galeni Opera Omnia	Galen	None	Cnobloch	1822
urn:cts:greekLit:tlg0057.tlg023.1st1K-grc1	Claudii Galeni Opera Omnia	Galen	None	Cnobloch	1822
urn:cts:greekLit:tlg0057.tlg024.1st1K-grc1	Claudii Galeni Opera Omnia	Galen	None	Cnobloch	1822
urn:cts:greekLit:tlg0057.tlg025.1st1K-grc1	Claudii Galeni Opera Omnia	Galen	None	Cnobloch	1822
urn:cts:greekLit:tlg0057.tlg027.1st1K-grc1	Claudii Galeni Opera Omnia	Galen	None	Cnobloch	1822
urn:cts:greekLit:tlg0057.tlg028.1st1K-grc1	Claudii Galeni Opera Omnia	Galen	None	Cnobloch	1823
urn:cts:greekLit:tlg0057.tlg029.1st1K-grc1	Claudii Galeni Opera Omnia	Galen	None	Cnobloch	1823
urn:cts:greekLit:tlg0057.tlg030.1st1K-grc1	Claudii Galeni Opera Omnia	Galen	None	Cnobloch	1823
urn:cts:greekLit:tlg0057.tlg031.1st1K-grc1	Claudii Galeni Opera Omnia	Galen	None	Cnobloch	1823
urn:cts:greekLit:tlg0057.tlg032.1st1K-grc1	Claudii Galeni Opera Omnia	Galen	None	Cnobloch	1823
urn:cts:greekLit:tlg0057.tlg034.1st1K-grc1	Claudii Galeni Librum De Parvae Pilae Exercitio	Galen	None	Domschule	1879
urn:cts:greekLit:tlg0057.tlg034.1st1K-grc2	Claudii Galeni Opera Omnia	Galen	None	Cnobloch	1823
urn:cts:greekLit:tlg0057.tlg036.1st1K-grc1	Claudii Galeni Opera Omnia	Galen	None	Cnobloch	1823
urn:cts:greekLit:tlg0057.tlg038.1st1K-grc1	Claudii Galeni Opera Omnia	Galen	None	Cnobloch	1823
urn:cts:greekLit:tlg0057.tlg039.1st1K-grc1	Claudii Galeni Opera Omnia	Galen	None	Cnobloch	1823
urn:cts:greekLit:tlg0057.tlg040.1st1K-grc1	Claudii Galeni Opera Omnia	Galen	None	Cnobloch	1823
urn:cts:greekLit:tlg0057.tlg041.1st1K-grc1	Claudii Galeni Opera Omnia	Galen	None	Cnobloch	1823
urn:cts:greekLit:tlg0057.tlg042.1st1K-grc1	Claudii Galeni Opera Omnia	Galen	None	Cnobloch	1824
urn:cts:greekLit:tlg0057.tlg043.1st1K-grc1	Claudii Galeni Opera Omnia	Galen	None	Cnobloch	1824
urn:cts:greekLit:tlg0057.tlg044.1st1K-grc1	Claudii Galeni Opera Omnia	Galen	None	Cnobloch	1824
urn:cts:greekLit:tlg0057.tlg045.1st1K-grc1	Claudii Galeni Opera Omnia	Galen	None	Cnobloch	1824
urn:cts:greekLit:tlg0057.tlg046.1st1K-grc1	Claudii Galeni Opera Omnia	Galen	None	Cnobloch	1824
urn:cts:greekLit:tlg0057.tlg047.1st1K-grc1	Claudii Galeni Opera Omnia	Galen	None	Cnobloch	1824
urn:cts:greekLit:tlg0057.tlg048.1st1K-grc1	Claudii Galeni Opera Omnia	Galen	None	Cnobloch	1824
urn:cts:greekLit:tlg0057.tlg049.1st1K-grc1	Claudii Galeni Opera Omnia	Galen	None	Cnobloch	1824
urn:cts:greekLit:tlg0057.tlg050.1st1K-grc1	Claudii Galeni Opera Omnia	Galen	None	Cnobloch	1824
urn:cts:greekLit:tlg0057.tlg051.1st1K-grc1	Claudii Galeni Opera Omnia	Galen	None	Cnobloch	1824
urn:cts:greekLit:tlg0057.tlg052.1st1K-grc1	Claudii Galeni Opera Omnia	Galen	None	Cnobloch	1824
urn:cts:greekLit:tlg0057.tlg053.1st1K-grc1	Claudii Galeni Opera Omnia	Galen	None	Cnobloch	1824
urn:cts:greekLit:tlg0057.tlg054.1st1K-grc1	Claudii Galeni Opera Omnia	Galen	None	Cnobloch	1824
urn:cts:greekLit:tlg0057.tlg055.1st1K-grc1	Claudii Galeni Opera Omnia	Galen	None	Cnobloch	1824
urn:cts:greekLit:tlg0057.tlg056.1st1K-grc1	Claudii Galeni Opera Omnia	Galen	None	Cnobloch	1824
urn:cts:greekLit:tlg0057.tlg057.1st1K-grc1	Claudii Galeni Opera Omnia	Galen	None	Cnobloch	1824
urn:cts:greekLit:tlg0057.tlg058.1st1K-grc1	Claudii Galeni Opera Omnia	Galen	None	Cnobloch	1824
urn:cts:greekLit:tlg0057.tlg059.1st1K-grc1	Claudii Galeni Opera Omnia	Galen	None	Cnobloch	1824
urn:cts:greekLit:tlg0057.tlg060.1st1K-grc1	Claudii Galeni Opera Omnia	Galen	None	Cnobloch	1824
urn:cts:greekLit:tlg0057.tlg061.1st1K-grc1	Claudii Galeni Opera Omnia	Galen	None	Cnobloch	1825
urn:cts:greekLit:tlg0057.tlg062.1st1K-grc1	Claudii Galeni Opera Omnia	Galen	None	Cnobloch	1825
urn:cts:greekLit:tlg0057.tlg063.1st1K-grc1	Claudii Galeni Opera Omnia	Galen	None	Cnobloch	1825
urn:cts:greekLit:tlg0057.tlg064.1st1K-grc1	Claudii Galeni Opera Omnia	Galen	None	Cnobloch	1825
urn:cts:greekLit:tlg0057.tlg065.1st1K-grc1	Claudii Galeni Opera Omnia	Galen	None	Cnobloch	1825
urn:cts:greekLit:tlg0057.tlg066.1st1K-grc1	Claudii Galeni Opera Omnia	Galen	None	Cnobloch	1825
urn:cts:greekLit:tlg0057.tlg067.1st1K-grc1	Claudii Galeni Opera Omnia	Galen	None	Cnobloch	1826
urn:cts:greekLit:tlg0057.tlg068.1st1K-grc1	Claudii Galeni Opera Omnia	Galen	None	Cnobloch	1826
urn:cts:greekLit:tlg0057.tlg069.1st1K-grc1	Claudii Galeni Opera Omnia	Galen	None	Cnobloch	1826
urn:cts:greekLit:tlg0057.tlg070.1st1K-grc1	Claudii Galeni Opera Omnia	Galen	None	Cnobloch	1826
urn:cts:greekLit:tlg0057.tlg071.1st1K-grc1	Claudii Galeni Opera Omnia	Galen	None	Cnobloch	1826
urn:cts:greekLit:tlg0057.tlg072.1st1K-grc1	Claudii Galeni Opera Omnia	Galen	None	Cnobloch	1826
urn:cts:greekLit:tlg0057.tlg074.1st1K-grc1	Claudii Galeni Opera Omnia	Galen	None	Cnobloch	1826
urn:cts:greekLit:tlg0057.tlg075.1st1K-grc1	Claudii Galeni Opera Omnia	Galen	None	Cnobloch	1826
urn:cts:greekLit:tlg0057.tlg076.1st1K-grc1	Claudii Galeni Opera Omnia	Galen	None	Cnobloch	1826
urn:cts:greekLit:tlg0057.tlg077.1st1K-grc1	Claudii Galeni Opera Omnia	Galen	None	Cnobloch	1827
urn:cts:greekLit:tlg0057.tlg078.1st1K-grc1	Claudii Galeni Opera Omnia	Galen	None	Cnobloch	1827
urn:cts:greekLit:tlg0057.tlg079.1st1K-grc1	Claudii Galeni Opera Omnia	Galen	None	Cnobloch	1827
urn:cts:greekLit:tlg0057.tlg081.1st1K-grc1	Galeni Institutio Logica	Galen	None	B. G. Teubner	1896
urn:cts:greekLit:tlg0057.tlg082.1st1K-grc1	Claudii Galeni Opera Omnia	Galen	None	Cnobloch	1827
urn:cts:greekLit:tlg0057.tlg083.1st1K-grc1	Claudii Galeni Opera Omnia	Galen	None	Cnobloch	1827
urn:cts:greekLit:tlg0057.tlg084.1st1K-grc1	Claudii Galeni Opera Omnia	Galen	None	Cnobloch	1822
urn:cts:greekLit:tlg0057.tlg085.1st1K-grc1	Claudii Galeni Opera Omnia	Galen	None	Cnobloch	1828
urn:cts:greekLit:tlg0057.tlg087.1st1K-grc1	Claudii Galeni Opera Omnia	Galen	None	Cnobloch	1828
urn:cts:greekLit:tlg0057.tlg089.1st1K-grc1	Claudii Galeni Opera Omnia	Galen	None	Cnobloch	1828
urn:cts:greekLit:tlg0057.tlg092.1st1K-grc1	Claudii Galeni Opera Omnia	Galen	None	Cnobloch	1829
urn:cts:greekLit:tlg0057.tlg093.1st1K-grc1	Claudii Galeni Opera Omnia	Galen	None	Cnobloch	1829
urn:cts:greekLit:tlg0057.tlg094.1st1K-grc1	Claudii Galeni Opera Omnia	Galen	None	Cnobloch	1829
urn:cts:greekLit:tlg0057.tlg095.1st1K-grc1	Claudii Galeni Opera Omnia	Galen	None	Cnobloch	1829
urn:cts:greekLit:tlg0057.tlg099.1st1K-grc1	Claudii Galeni Opera Omnia	Galen	None	Cnobloch	1830
urn:cts:greekLit:tlg0057.tlg100.1st1K-grc1	Claudii Galeni Opera Omnia	Galen	None	Cnobloch	1830
urn:cts:greekLit:tlg0057.tlg101.1st1K-grc1	Claudii Galeni Opera Omnia	Galen	None	Cnobloch	1830
urn:cts:greekLit:tlg0057.tlg102.1st1K-grc1	Claudii Galeni Opera Omnia	Galen	None	Cnobloch	1830
urn:cts:greekLit:tlg0057.tlg103.1st1K-grc1	Galeni Libellus De Consuetudinibus	Galen	None	Universität Erlangen	1879
urn:cts:greekLit:tlg0057.tlg107.1st1K-grc1	Eine Streitschrift Galen'S Gegen Die Empirischen Ärzte	Galen	None	None	1901
urn:cts:greekLit:tlg0057.tlg114.1st1K-grc1	Claudii Galeni Opera Omnia	Galen	None	Cnobloch	1822
urn:cts:greekLit:tlg0085.tlg001.opp-grc3	Aeschyli Tragoediae : Cum Fabularum Deperditarum Fragmentis,         Poetae Vita Et Operum Catalogo / Recensuit Arturus Sidgwick.	Aeschylus	None	Clarendon Press	1902
urn:cts:greekLit:tlg0085.tlg002.opp-grc3	Aeschyli Tragoediae : Cum Fabularum Deperditarum Fragmentis,                     Poetae Vita Et Operum Catalogo / Recensuit Arturus Sidgwick.	Aeschylus	None	Clarendon Press	1902
urn:cts:greekLit:tlg0085.tlg003.opp-grc3	Aeschyli Tragoediae : Cum Fabularum Deperditarum Fragmentis,                     Poetae Vita Et Operum Catalogo / Recensuit Arturus Sidgwick.	Aeschylus	None	Clarendon Press	1902
urn:cts:greekLit:tlg0085.tlg004.opp-grc3	Aeschyli Tragoediae : Cum Fabularum Deperditarum Fragmentis,                     Poetae Vita Et Operum Catalogo / Recensuit Arturus Sidgwick.	Aeschylus	None	Clarendon Press	1902
urn:cts:greekLit:tlg0085.tlg005.opp-grc3	Aeschyli Tragoediae : Cum Fabularum Deperditarum Fragmentis,                     Poetae Vita Et Operum Catalogo / Recensuit Arturus Sidgwick.	Aeschylus	None	Clarendon Press	1902
urn:cts:greekLit:tlg0085.tlg006.opp-grc3	Aeschyli Tragoediae : Cum Fabularum Deperditarum Fragmentis,                     Poetae Vita Et Operum Catalogo / Recensuit Arturus Sidgwick.	Aeschylus	None	Clarendon Press	1902
urn:cts:greekLit:tlg0085.tlg007.opp-grc3	Aeschyli Tragoediae : Cum Fabularum Deperditarum Fragmentis,                     Poetae Vita Et Operum Catalogo / Recensuit Arturus Sidgwick.	Aeschylus	None	Clarendon Press	1902
urn:cts:greekLit:tlg0086.tlg001.1st1K-grc1	Aristotelis Opera	Aristotle	None	Oxford University Press	1837
urn:cts:greekLit:tlg0086.tlg002.1st1K-grc1	Aristotelis Opera	Aristotle	None	Oxford University Press	1837
urn:cts:greekLit:tlg0086.tlg006.1st1K-grc1	Aristotelis Opera	Aristotle	None	Oxford University Press	1837
urn:cts:greekLit:tlg0086.tlg008.1st1K-grc1	Aristotelis Opera	Aristotle	None	Oxford University Press	1837
urn:cts:greekLit:tlg0086.tlg014.1st1K-grc1	Aristotelis Opera	Aristotle	None	Oxford University Press	1837
urn:cts:greekLit:tlg0086.tlg016.1st1K-grc1	Aristotelis Opera	Aristotle	None	Oxford University Press	1837
urn:cts:greekLit:tlg0086.tlg017.1st1K-grc1	Aristotelis Opera	Aristotle	None	Oxford University Press	1837
urn:cts:greekLit:tlg0086.tlg018.1st1K-grc1	Aristotelis Opera	Aristotle	None	Oxford University Press	1837
urn:cts:greekLit:tlg0086.tlg020.1st1K-grc1	Aristotelis Opera	Aristotle	None	Oxford University Press	1837
urn:cts:greekLit:tlg0086.tlg024.1st1K-grc1	Aristotelis Opera	Aristotle	None	Oxford University Press	1837
urn:cts:greekLit:tlg0086.tlg026.1st1K-grc1	Aristotelis Opera	Aristotle	None	Oxford University Press	1837
urn:cts:greekLit:tlg0086.tlg034.1st1K-grc1	Aristotelis Opera	Aristotle	None	Oxford University Press	1837
urn:cts:greekLit:tlg0086.tlg037.1st1K-grc1	Aristotelis Opera	Aristotle	None	Oxford University Press	1837
urn:cts:greekLit:tlg0086.tlg040.1st1K-grc1	Aristotelis Opera	Aristotle	None	Oxford University Press	1837
urn:cts:greekLit:tlg0086.tlg041.1st1K-grc1	Aristotelis Opera	Aristotle	None	Oxford University Press	1837
urn:cts:greekLit:tlg0086.tlg042.1st1K-grc1	Aristotelis Opera	Aristotle	None	Oxford University Press	1837
urn:cts:greekLit:tlg0086.tlg044.1st1K-grc1	Aristotelis Opera	Aristotle	None	Oxford University Press	1837
urn:cts:greekLit:tlg0363.tlg007.opp-grc2	Clavdii Ptolemaei	F. Boll† Et Æ. Boer	F. Boll† Et Æ. Boer	In Aedibvs B.G. Tevbneri	MCMLIV
urn:cts:greekLit:tlg0527.tlg001.opp-grc2	The Old Testament In Greek	None	Henry Barclay Swete	University Press	1901
urn:cts:greekLit:tlg0527.tlg002.opp-grc2	The Old Testament In Greek	None	Henry Barclay Swete	University Press	1901
urn:cts:greekLit:tlg0527.tlg003.opp-grc2	The Old Testament In Greek	None	Henry Barclay Swete	University Press	1901
urn:cts:greekLit:tlg0527.tlg004.opp-grc2	The Old Testament In Greek	None	Henry Barclay Swete	University Press	1901
urn:cts:greekLit:tlg0527.tlg005.opp-grc2	The Old Testament In Greek	None	Henry Barclay Swete	University Press	1901
urn:cts:greekLit:tlg0527.tlg006.opp-grc2	The Old Testament In Greek	None	Henry Barclay Swete	University Press	1901
urn:cts:greekLit:tlg0527.tlg008.opp-grc2	The Old Testament In Greek	None	Henry Barclay Swete	University Press	1901
urn:cts:greekLit:tlg0527.tlg010.opp-grc2	The Old Testament In Greek	None	Henry Barclay Swete	University Press	1901
urn:cts:greekLit:tlg0527.tlg011.opp-grc2	The Old Testament In Greek	None	Henry Barclay Swete	University Press	1901
urn:cts:greekLit:tlg0527.tlg012.opp-grc2	The Old Testament In Greek	None	Henry Barclay Swete	University Press	1901
urn:cts:greekLit:tlg0527.tlg013.opp-grc2	The Old Testament In Greek	None	Henry Barclay Swete	University Press	1901
urn:cts:greekLit:tlg0527.tlg014.opp-grc2	The Old Testament In Greek	None	Henry Barclay Swete	University Press	1901
urn:cts:greekLit:tlg0527.tlg030.opp-grc2	Ecclesiasticus	J. H. A. Hart, M.A.	J. H. A. Hart, M.A.	Cambridge	1909
urn:cts:greekLit:tlg0527.tlg048.opp-eng2	The Book Of Isaiah	R. R. Ottley, M.A.	R. R. Ottley, M.A.	C. J. Clay And Sons Cambridge University Press Warehouse Ave Maria Lane	1904
urn:cts:greekLit:tlg0527.tlg048.opp-grc2	The Book Of Isaiah	R. R. Ottley, M.A.	R. R. Ottley, M.A.	C. J. Clay And Sons Cambridge University Press Warehouse Ave Maria Lane	1904
urn:cts:greekLit:tlg0530.tlg005.1st1K-grc1	Claudii Galeni Opera Omnia	Galen	None	Cnobloch	1829
urn:cts:greekLit:tlg0530.tlg006.1st1K-grc1	Die Neuplatonische, Fälschlich Dem Galen Zugeschriebene Schrift Πρὸς Γαῦρον Περὶ Τοῦ Πῶς Ἐμψυχοῦνται Τὰ Ἔμβρυα	Galen	None	None	1895
urn:cts:greekLit:tlg0530.tlg012.1st1K-grc1	Claudii Galeni Opera Omnia	Galen	None	Cnobloch	1827
urn:cts:greekLit:tlg0530.tlg029.1st1K-grc1	Claudii Galeni Opera Omnia	Galen	None	Cnobloch	1827
urn:cts:greekLit:tlg0530.tlg032.1st1K-grc1	Claudii Galeni Opera Omnia	Galen	None	Cnobloch	1827
urn:cts:greekLit:tlg0530.tlg035.1st1K-grc1	Claudii Galeni Opera Omnia	Galen	None	Cnobloch	1823
urn:cts:greekLit:tlg0530.tlg043.1st1K-grc1	Claudii Galeni Opera Omnia	Pseudo-Galen	None	Cnobloch	1821
urn:cts:greekLit:tlg0530.tlg073.1st1K-grc1	Claudii Galeni Opera Omnia	Galen	None	Cnobloch	1826
urn:cts:greekLit:tlg0541.tlg042.1st1K-grc1	Die Arabische Überlieferung Der Sogenannten Menandersentenzen	Pseudo-Menander	None	Kommissionsverlag Franz Steiner	1961
urn:cts:greekLit:tlg0541.tlg042.1st1K-grc2	Die Arabische Überlieferung Der Sogenannten Menandersentenzen	Pseudo-Menander	None	Kommissionsverlag Franz Steiner	1961
urn:cts:greekLit:tlg0544.tlg001.opp-grc1	Sexti Empirici Opera	Hermannus Mutschmann	Hermannus Mutschmann	In Aedibus B. G. Teubneri	MCMXII
urn:cts:greekLit:tlg0544.tlg001.opp-lat1	Sexti Empirici Opera	Hermannus Mutschmann	Hermannus Mutschmann	In Aedibus B. G. Teubneri	MCMXII
urn:cts:greekLit:tlg0544.tlg002.opp-grc1	Sexti Empirici Opera	Hermannus Mutschmann	Hermannus Mutschmann	In Aedibus B. G. Teubneri	MCMXII
urn:cts:greekLit:tlg0555.tlg001.opp-grc1	Protrepticus Und Paedagogus	Clement Of Alexandria	None	Hinrichs	1905
urn:cts:greekLit:tlg0555.tlg002.opp-grc1	Protrepticus Und Paedagogus	Clement Of Alexandria	None	Hinrichs	1905
urn:cts:greekLit:tlg0555.tlg004b.opp-grc1	Clemens Alexandrinus Dritter Band	Clement Of Alexandria	None	Hinrichs	1909
urn:cts:greekLit:tlg0555.tlg005.opp-grc1	Clemens Alexandrinus Dritter Band	Clement Of Alexandria	None	Hinrichs	1909
urn:cts:greekLit:tlg0555.tlg006.opp-grc1	Clemens Alexandrinus Dritter Band	Clement Of Alexandria	None	Hinrichs	1909
urn:cts:greekLit:tlg0555.tlg007.opp-grc1	Clemens Alexandrinus Dritter Band	Clement Of Alexandria	None	Hinrichs	1909
urn:cts:greekLit:tlg0610.tlg001.opp-grc1	Orationes Et Fragmenta, Adivnctis Gorgiae, Antisthenis, Alcidamantis,        Declamationibvs	Alcidamantis	None	Tevbneri	1892
urn:cts:greekLit:tlg0615.tlg001.opp-grc1	In Ethica Nicomachea Quae Supersunt Commentaria	Aspasius	Gustavus Heylbut	Berolini: Typis Et Impensis G. Reimeri	1889
urn:cts:greekLit:tlg0627.tlg001.1st1K-grc1	Oeuvres Complètes D'Hippocrate	Hippocrates	None	Baillière	1839
urn:cts:greekLit:tlg0627.tlg002.1st1K-grc1	Oeuvres Complètes D'Hippocrate	Hippocrates	None	Baillière	1840
urn:cts:greekLit:tlg0627.tlg003.1st1K-grc1	Oeuvres Complètes D'Hippocrate	Hippocrates	None	Baillière	1840
urn:cts:greekLit:tlg0627.tlg004.1st1K-grc1	Oeuvres Complètes D'Hippocrate	Hippocrates	None	Baillière	1840
urn:cts:greekLit:tlg0627.tlg005.1st1K-grc1	Oeuvres Complètes D'Hippocrate	Hippocrates	None	Baillière	1840
urn:cts:greekLit:tlg0627.tlg006.1st1K-grc1	Oeuvres Complètes D'Hippocrate	Hippocrates	None	Baillière	1840
urn:cts:greekLit:tlg0627.tlg007.1st1K-grc1	Oeuvres Complètes D'Hippocrate	Hippocrates	None	Baillière	1841
urn:cts:greekLit:tlg0627.tlg008.1st1K-grc1	Oeuvres Complètes D'Hippocrate	Hippocrates	None	Baillière	1841
urn:cts:greekLit:tlg0627.tlg009.1st1K-grc1	Oeuvres Complètes D'Hippocrate	Hippocrates	None	Baillière	1841
urn:cts:greekLit:tlg0627.tlg010.1st1K-grc1	Oeuvres Complètes D'Hippocrate	Hippocrates	None	Baillière	1844
urn:cts:greekLit:tlg0627.tlg011.1st1K-grc1	Oeuvres Complètes D'Hippocrate	Hippocrates	None	Baillière	1844
urn:cts:greekLit:tlg0627.tlg012.1st1K-grc1	Oeuvres Complètes D'Hippocrate	Hippocrates	None	Baillière	1844
urn:cts:greekLit:tlg0627.tlg013.1st1K-grc1	Oeuvres Complètes D'Hippocrate	Hippocrates	None	Baillière	1844
urn:cts:greekLit:tlg0627.tlg014.1st1K-grc1	Oeuvres Complètes D'Hippocrate	Hippocrates	None	Baillière	1844
urn:cts:greekLit:tlg0627.tlg015.1st1K-grc1	Oeuvres Complètes D'Hippocrate	Hippocrates	None	Baillière	1846
urn:cts:greekLit:tlg0627.tlg016.1st1K-grc1	Oeuvres Complètes D'Hippocrate	Hippocrates	None	Baillière	1846
urn:cts:greekLit:tlg0627.tlg017.1st1K-grc1	Oeuvres Complètes D'Hippocrate	Hippocrates	None	Baillière	1846
urn:cts:greekLit:tlg0627.tlg018.1st1K-grc1	Oeuvres Complètes D'Hippocrate	Hippocrates	None	Baillière	1849
urn:cts:greekLit:tlg0627.tlg019.1st1K-grc1	Oeuvres Complètes D'Hippocrate	Hippocrates	None	Baillière	1849
urn:cts:greekLit:tlg0627.tlg020.1st1K-grc1	Oeuvres Complètes D'Hippocrate	Hippocrates	None	Baillière	1849
urn:cts:greekLit:tlg0627.tlg021.1st1K-grc1	Oeuvres Complètes D'Hippocrate	Hippocrates	None	Baillière	1849
urn:cts:greekLit:tlg0627.tlg022.1st1K-grc1	Oeuvres Complètes D'Hippocrate	Hippocrates	None	Baillière	1849
urn:cts:greekLit:tlg0627.tlg023.1st1K-grc1	Oeuvres Complètes D'Hippocrate	Hippocrates	None	Baillière	1849
urn:cts:greekLit:tlg0627.tlg024a.1st1K-grc1	Oeuvres Complètes D'Hippocrate	Hippocrates	None	Baillière	1851
urn:cts:greekLit:tlg0627.tlg024b.1st1K-grc1	Oeuvres Complètes D'Hippocrate	Hippocrates	None	Baillière	1851
urn:cts:greekLit:tlg0627.tlg025.1st1K-grc1	Oeuvres Complètes D'Hippocrate	Hippocrates	None	Baillière	1849
urn:cts:greekLit:tlg0627.tlg026.1st1K-grc1	Oeuvres Complètes D'Hippocrate	Hippocrates	None	Baillière	1849
urn:cts:greekLit:tlg0627.tlg027.1st1K-grc1	Oeuvres Complètes D'Hippocrate	Hippocrates	None	Baillière	1849
urn:cts:greekLit:tlg0627.tlg028.1st1K-grc1	Oeuvres Complètes D'Hippocrate	Hippocrates	None	Baillière	1849
urn:cts:greekLit:tlg0627.tlg029.1st1K-grc1	Oeuvres Complètes D'Hippocrate	Hippocrates	None	Baillière	1849
urn:cts:greekLit:tlg0627.tlg030.1st1K-grc1	Oeuvres Complètes D'Hippocrate	Hippocrates	None	Baillière	1849
urn:cts:greekLit:tlg0627.tlg031.1st1K-grc1	Oeuvres Complètes D'Hippocrate	Hippocrates	None	Baillière	1849
urn:cts:greekLit:tlg0627.tlg032.1st1K-grc1	Oeuvres Complètes D'Hippocrate	Hippocrates	None	Baillière	1851
urn:cts:greekLit:tlg0627.tlg033.1st1K-grc1	Oeuvres Complètes D'Hippocrate	Hippocrates	None	Baillière	1851
urn:cts:greekLit:tlg0627.tlg035.1st1K-grc1	Oeuvres Complètes D'Hippocrate	Hippocrates	None	Baillière	1851
urn:cts:greekLit:tlg0627.tlg036.1st1K-grc1	Oeuvres Complètes D'Hippocrate	Hippocrates	None	Baillière	1853
urn:cts:greekLit:tlg0627.tlg037.1st1K-grc1	Oeuvres Complètes D'Hippocrate	Hippocrates	None	Baillière	1853
urn:cts:greekLit:tlg0627.tlg038.1st1K-grc1	Oeuvres Complètes D'Hippocrate	Hippocrates	None	Baillière	1853
urn:cts:greekLit:tlg0627.tlg039.1st1K-grc1	Oeuvres Complètes D'Hippocrate	Hippocrates	None	Baillière	1853
urn:cts:greekLit:tlg0627.tlg040.1st1K-grc1	Oeuvres Complètes D'Hippocrate	Hippocrates	None	Baillière	1853
urn:cts:greekLit:tlg0627.tlg041.1st1K-grc1	Oeuvres Complètes D'Hippocrate	Hippocrates	None	Baillière	1853
urn:cts:greekLit:tlg0627.tlg042.1st1K-grc1	Oeuvres Complètes D'Hippocrate	Hippocrates	None	Baillière	1853
urn:cts:greekLit:tlg0627.tlg043.1st1K-grc1	Oeuvres Complètes D'Hippocrate	Hippocrates	None	Baillière	1853
urn:cts:greekLit:tlg0627.tlg045.1st1K-grc1	Oeuvres Complètes D'Hippocrate	Hippocrates	None	Baillière	1861
urn:cts:greekLit:tlg0627.tlg046.1st1K-grc1	Oeuvres Complètes D'Hippocrate	Hippocrates	None	Baillière	1861
urn:cts:greekLit:tlg0627.tlg047.1st1K-grc1	Oeuvres Complètes D'Hippocrate	Hippocrates	None	Baillière	1861
urn:cts:greekLit:tlg0627.tlg048.1st1K-grc1	Oeuvres Complètes D'Hippocrate	Hippocrates	None	Baillière	1861
urn:cts:greekLit:tlg0627.tlg049.1st1K-grc1	Oeuvres Complètes D'Hippocrate	Hippocrates	None	Baillière	1861
urn:cts:greekLit:tlg0627.tlg050.1st1K-grc1	Oeuvres Complètes D'Hippocrate	Hippocrates	None	Baillière	1861
urn:cts:greekLit:tlg0627.tlg051.1st1K-grc1	Oeuvres Complètes D'Hippocrate	Hippocrates	None	Baillière	1861
urn:cts:greekLit:tlg0627.tlg052.1st1K-grc1	Oeuvres Complètes D'Hippocrate	Hippocrates	None	Baillière	1861
urn:cts:greekLit:tlg0627.tlg053.1st1K-grc1	Oeuvres Complètes D'Hippocrate	Hippocrates	None	Baillière	1861
urn:cts:greekLit:tlg0627.tlg055.1st1K-grc1	Oeuvres Complètes D'Hippocrate	Hippocrates	None	Baillière	1861
urn:cts:greekLit:tlg0645.tlg001.opp-grc1	S. Iustini Aplogiae Duae	S. Iustini	None	P. Hanstein	1911
urn:cts:greekLit:tlg0645.tlg002.opp-grc1	S. Iustini Aplogiae Duae	S. Iustini	None	P. Hanstein	1911
urn:cts:greekLit:tlg0645.tlg002.opp-grc1	S. Iustini Aplogiae Duae	S. Iustini	None	P. Hanstein	1911
urn:cts:greekLit:tlg0645.tlg003.perseus-grc2	Dialogue Avec Tryphon	Justin	None	A. Picard	1909
urn:cts:greekLit:tlg0658.tlg001.perseus-grc1	Heliodori Aethiopicorum Libri Decem	Heliodorus Of Emesa	None	Teubner	1855
urn:cts:greekLit:tlg0732.tlg004.opp-grc1	In Aristotelis Metaphysica Commentaria	Alexander Aphrodisiensis	Michael Hayduck	Berolini: Typis Et Impensis G. Reimeri	1891
urn:cts:greekLit:tlg0732.tlg005.opp-grc1	In         Aristotelis Analyticorum Priorum Librum I Commentarium	Alexander         Aphrodisiensis	Maximilianus Wallies	Berolini: Typis Et Impensis G. Reimeri	1883
urn:cts:greekLit:tlg0732.tlg006.opp-grc1	In Aristotelis Topicorum Libros Octo Commentaria	Alexander Aphrodisiensis	Maximilianus Wallies	Berolini: Typis Et Impensis G. Reimeri	1891
urn:cts:greekLit:tlg0732.tlg007.opp-grc1	In Librum De Sensu Commentarium	Alexander Aphrodisiensis	Paulus Wendland	Berolini: Typis Et Impensis G. Reimeri	1901
urn:cts:greekLit:tlg0732.tlg008.opp-grc1	In Aristotelis Metereologicorum Libros Commentarium	Alexander Aphrodisiensis	Michael Hayduck	Berolini: Typis Et Impensis G. Reimeri	1899
urn:cts:greekLit:tlg0732.tlg012.opp-grc1	Alexandri Aphrodisiensis Praeter Commentaria Scripta Minora	Alexander Of Aphrodisias	None	Reimer	1892
urn:cts:greekLit:tlg0732.tlgX01.opp-grc1	Quod         Fertur In Aristotelis Sophisticos Elenchos Commentarium	Alexander         Aphrodisiensis	Maximilianus Wallies	Berolini: Typis Et Impensis G. Reimeri	1898
urn:cts:greekLit:tlg0751.tlg034.1st1K-grc1	Oeuvres Complètes D'Hippocrate	Hippocrates	None	Baillière	1851
urn:cts:greekLit:tlg1205.tlg001.perseus-grc1	Athenagorae Philosophi Atheniensis Opera	Athenagorae Philosophi Atheniensis	None	Mauke	1857
urn:cts:greekLit:tlg1205.tlg001.perseus-grc2	Athenagoras	Athenagoras	None	Harper And Brothers	1876
urn:cts:greekLit:tlg1205.tlg002.perseus-grc1	Athenagorae Philosophi Atheniensis Opera	Athenagorae Philosophi Atheniensis	None	Mauke	1857
urn:cts:greekLit:tlg1205.tlg002.perseus-grc2	Athenagoras	Athenagoras	None	Harper And Brothers	1876
urn:cts:greekLit:tlg1463.tlg001.opp-ger1	Das Buch Henoch	Dr. Joh. Flemming	Dr. Joh. Flemming	J.C.Hinrichs'Sche Buchhandlung	1901
urn:cts:greekLit:tlg1463.tlg001.opp-grc1	Das Buch Henoch	Dr. Joh. Flemming	Dr. Joh. Flemming	J.C.Hinrichs'Sche Buchhandlung	1901
urn:cts:greekLit:tlg1551.tlg001.opp-grc1	Die Oracula Sibyllina	Dr. Joh. Geffchen	Dr. Joh. Geffchen	J. C. Hinrichs'Sche Bechhandlung	1902
urn:cts:greekLit:tlg1551.tlg002.opp-grc1	Die Oracula Sibyllina	Dr. Joh. Geffcken	Dr. Joh. Geffcken	J. C. Hinrichs'Sche Bechhandlung	1902
urn:cts:greekLit:tlg1725.tlg001.perseus-grc1	Libri Tres Ad Autolycum	Theophili Episcopi Antiochensis	None	Parker	1852
urn:cts:greekLit:tlg1725.tlg001.perseus-grc2	Corpus Apologetarum Christianorum Saeculi Secvndi	Theophilus Antiochenus	None	Prostat Apud Frieder. Mauke	1861
urn:cts:greekLit:tlg1766.tlg001.perseus-grc1	Oratio Ad Graecos	Tatiani Assyrii	None	Mauke	1851
urn:cts:greekLit:tlg2001.tlg038.opp-grc1	Commentaria In Aristotelem Graeca	Maximilianus Wallies	Maximilianus Wallies	Typis Et Impensis Georgii Reimeri	MCM
urn:cts:greekLit:tlg2001.tlg039.opp-grc1	Commentaria In Aristotelem Graeca	Maximilianus Wallies	Maximilianus Wallies	Typis Et Impensis Georgii Reimeri	MCM
urn:cts:greekLit:tlg2001.tlg040.opp-grc1	Commentaria In Aristotelem Graeca	Maximilianus Wallies	Maximilianus Wallies	Typis Et Impensis Georgii Reimeri	MCM
urn:cts:greekLit:tlg2001.tlg041.opp-grc1	Commentaria In Aristotelem Graeca	Samuel Landauer	Samuel Landauer	Typis Et Impensis Georgii Reimeri	MCMII
urn:cts:greekLit:tlg2001.tlg042.opp-grc1	In Libros De Anima Paraphrasis	Sophonias	Michael Hayduck	Berolini: Typis Et Impensis G. Reimeri	1883-1884
urn:cts:greekLit:tlg2001.tlg043.opp-grc1	Commentaria In Aristotelem Graeca	Samuel Landauer	Samuel Landauer	Typis Et Impensis Georgii Reimeri	MCMII
urn:cts:greekLit:tlg2001.tlg044.opp-lat1	Commentaria In Aristotelem Graeca	Samuel Landauer	Samuel Landauer	Typis Et Impensis Georgii Reimeri	MCMII
urn:cts:greekLit:tlg2018.tlg001.opp-grc1	Eusebii Caesariensis Opera	Guilielmus Dindorfius	Guilielmus Dindorfius	In Aedibus B. G. Teubneri.	1867
urn:cts:greekLit:tlg2018.tlg002.opp-grc2	Eusebii Caesariensis Opera.	Guilielmus Dindorfius.	Guilielmus Dindorfius.	In Aedibus B. G. Teubneri	1871
urn:cts:greekLit:tlg2018.tlg003.opp-grc1	Eusebii Caesariensis Opera.	Guilielmus Dindorfius.	Guilielmus Dindorfius.	In Aedibus B. G. Teubneri	1871
urn:cts:greekLit:tlg2018.tlg005.opp-grc1	Eusebii Caesariensis Opera.	Guilieimus Dindorfius.	Guilieimus Dindorfius.	In Aedibus B. G. Teubneri.	1867
urn:cts:greekLit:tlg2018.tlg009.opp-grc1	Eusebius Werke, Vierter Band: Gegen Marcell, Über Die Kirchliche Theologie, Die Fragmente Marcells	Richardus Foerster.	Professor Lic. Dr. Erich Klostermann	J. C. Hinrichs'Sche Buchhandlung	1906
urn:cts:greekLit:tlg2018.tlg010.opp-ger1	Eusebius Werke	Lic. Dr. Erich Klostermann	Lic. Dr. Erich Klostermann	J. C. Hinrichs'Sche Buchhandlung	1904
urn:cts:greekLit:tlg2018.tlg010.opp-grc1	Eusebius Werke	Lic. Dr. Erich Klostermann	Lic. Dr. Erich Klostermann	J. C. Hinrichs'Sche Buchhandlung	1904
urn:cts:greekLit:tlg2018.tlg011.opp-grc1	Eusebius Werke	Lic. Dr. Erich Klostermann	Lic. Dr. Erich Klostermann	J. C. Hinrichs'Sche Buchhandlung	1904
urn:cts:greekLit:tlg2018.tlg011.opp-lat1	Eusebius Werke	Lic. Dr. Erich Klostermann	Lic. Dr. Erich Klostermann	J. C. Hinrichs'Sche Buchhandlung	1904
urn:cts:greekLit:tlg2018.tlg020.opp-grc1	Eusebius Werke	Dr. Ivar A. Heikel	Dr. Ivar A. Heikel	J.C.Hinrichs'Sche Buchhandlung	1902
urn:cts:greekLit:tlg2018.tlg021.opp-grc1	Eusebius Werke	Dr. Ivar A. Heikel	Dr. Ivar A. Heikel	J.C.Hinrichs'Sche Buchhandlung	1902
urn:cts:greekLit:tlg2018.tlg022.opp-grc1	Eusebius Werke	Dr. Ivar A. Heikel	Dr. Ivar A. Heikel	J.C.Hinrichs'Sche Buchhandlung	1902
urn:cts:greekLit:tlg2021.tlg001.opp-grc1	Epiphanius	D.Dr. Karl Holl	D.Dr. Karl Holl	J. C. Hinrichs'Sche Buchhandlung	1915
urn:cts:greekLit:tlg2021.tlg002.opp-grc1	Epiphanius	D.Dr. Karl Holl	D.Dr. Karl Holl	J. C. Hinrichs'Sche Buchhandlung	1915
urn:cts:greekLit:tlg2021.tlg003.opp-grc1	Epiphanius	D. Dr. Karl Holl	D. Dr. Karl Holl	J. C. Hinrichs'Sche Buchhandlung	1922
urn:cts:greekLit:tlg2022.tlg003.opp-grc1	Christus Patiens	Dr. J. G. Brambs.	Dr. J. G. Brambs.	In Aedibus B. G. Teubneri.	MDCCCLXXXV.
urn:cts:greekLit:tlg2022.tlg007.opp-grc1	The Five Theological Orations Of Gregory Of Nazianzus	Arthur James Mason, D.D.	Arthur James Mason, D.D.	At The University Press.	1899
urn:cts:greekLit:tlg2022.tlg008.opp-grc1	The Five Theological Orations Of Gregory Of Nazianzus	Arthur James Mason, D.D.	Arthur James Mason, D.D.	At The University Press.	1899
urn:cts:greekLit:tlg2022.tlg009.opp-grc1	The Five Theological Orations Of Gregory Of Nazianzus	Arthur James Mason, D.D.	Arthur James Mason, D.D.	At The University Press.	1899
urn:cts:greekLit:tlg2022.tlg010.opp-grc1	The Five Theological Orations Of Gregory Of Nazianzus	Arthur James Mason, D.D.	Arthur James Mason, D.D.	At The University Press.	1899
urn:cts:greekLit:tlg2022.tlg011.opp-grc1	The Five Theological Orations Of Gregory Of Nazianzus	Arthur James Mason, D.D.	Arthur James Mason, D.D.	At The University Press.	1899
urn:cts:greekLit:tlg2022.tlg060.1st1K-grc1	Die Arabische Überlieferung Der Sogenannten Menandersentenzen	Pseudo-Menander	None	Kommissionsverlag Franz Steiner	1961
urn:cts:greekLit:tlg2034.tlg006.opp-grc1	Comentaria In Aristotelem Graeca	Adolfus Busse	Adolfus Busse	Typis Et Impensis Georgii Reimeri	MDCCCLXXXVII.
urn:cts:greekLit:tlg2034.tlg007.opp-grc1	Comentaria In Aristotelem Graeca	Adolfus Busse	Adolfus Busse	Typis Et Impensis Georgii Reimeri	MDCCCLXXXVII.
urn:cts:greekLit:tlg2036.tlg001.opp-grc1	In Aristotelis Categorias Commentarium	Dexippus	Adolfus Busse	Berolini: Typis Et Impensis G. Reimeri	1888
urn:cts:greekLit:tlg2041.tlg001.opp-grc1	Eusebius Werke Vierter Band Gegen Marcell Über Die Kirchliche Theologie Die Fragmente Marcells	Richardus Foerster.	Professor Lic. Dr. Erich Klostermann	J. C. Hinrichs'Sche Buchhandlung	1906
urn:cts:greekLit:tlg2042.tlg001.perseus-grc1	Origenes Werke	Dr. Paul Koetschau	None	J. C. Hinrichs'Sche Buchhandlung	1899
urn:cts:greekLit:tlg2042.tlg005.opp-grc1	Origenes Werke	Lic. Dr. Erwin Preushen	Lic. Dr. Erwin Preushen	J. C. Hinrich'S Sche Buchhandlung	1903
urn:cts:greekLit:tlg2042.tlg006.opp-grc1	Origenes Werke	Lic. Dr. Erwin Preushen	Lic. Dr. Erwin Preushen	J. C. Hinrich'S Sche Buchhandlung	1903
urn:cts:greekLit:tlg2042.tlg007.perseus-grc1	Origenes Werke	None	None	J.C. Hinrich'Sche Buchhandlung	1899
urn:cts:greekLit:tlg2042.tlg008.perseus-grc1	Origenes Werke	None	None	J.C. Hinrich'Sche Buchhandlung	1899
urn:cts:greekLit:tlg2042.tlg009.opp-grc1	Origenes Werke	Dr. Erich Klostermann	Dr. Erich Klostermann	J. C. Hinrichs'Sche Buchhandlung	1901
urn:cts:greekLit:tlg2042.tlg010.opp-grc1	Origenes Werke	Dr. Erich Klostermann	Dr. Erich Klostermann	J. C. Hinrichs'Sche Buchhandlung	1901
urn:cts:greekLit:tlg2042.tlg011.opp-grc1	Origenes Werke	Dr. Erich Klostermann	Dr. Erich Klostermann	J. C. Hinrichs'Sche Buchhandlung	1901
urn:cts:greekLit:tlg2042.tlg012.opp-grc1	Origenes Werke	Dr. Erich Klostermann	Dr. Erich Klostermann	J. C. Hinrichs'Sche Buchhandlung	1901
urn:cts:greekLit:tlg2042.tlg013.opp-grc1	Origenes Werke	Dr. Erich Klostermann	Dr. Erich Klostermann	J. C. Hinrichs'Sche Buchhandlung	1901
urn:cts:greekLit:tlg2042.tlg014.opp-grc1	Origenes Werke	Dr. Erich Klostermann	Dr. Erich Klostermann	J. C. Hinrichs'Sche Buchhandlung	1901
urn:cts:greekLit:tlg2042.tlg015.opp-grc1	Origenes Werke	Dr. Erich Klostermann	Dr. Erich Klostermann	J. C. Hinrichs'Sche Buchhandlung	1901
urn:cts:greekLit:tlg2042.tlg016.opp-grc1	Origenes Werke	Dr. Max Rauer	Dr. Max Rauer	J. C. Hinrichs'Sche Buchhandlung	1930
urn:cts:greekLit:tlg2042.tlg017.opp-grc1	Origenes Werke	Dr. Max Rauer	Dr. Max Rauer	J. C. Hinrichs'Sche Buchhandlung	1930
urn:cts:greekLit:tlg2042.tlg021.opp-grc1	Origenes Werke	Dr. Erich Klostermann	Dr. Erich Klostermann	J. C. Hinrichs'Sche Buchhandlung	1901
urn:cts:greekLit:tlg2042.tlg028.opp-grc1	Origenes Werke	D.Dr. Erich Klostermann	D.Dr. Erich Klostermann	J. C. Hinrichs'Sche Buchhandlung	1933
urn:cts:greekLit:tlg2042.tlg029.opp-grc1	Origenes Werke	D. Dr. Erich Klostermann	D. Dr. Erich Klostermann	J. C. Hinrichs'Sche Buchhandlung	1935
urn:cts:greekLit:tlg2042.tlg030.opp-grc1	Origenes Werke	D. Dr. Erich Klostermann	D. Dr. Erich Klostermann	J. C. Hinrichs'Sche Buchhandlung	1935
urn:cts:latinLit:tlg2042.tlg030.opp-lat1	Origenes Werke	D. Dr. Erich Klostermann	D. Dr. Erich Klostermann	J. C. Hinrichs'Sche Buchhandlung	1935
urn:cts:greekLit:tlg2042.tlg084.opp-grc1	Origenes Werke	Dr. Erich Klostermann	Dr. Erich Klostermann	J. C. Hinrichs'Sche Buchhandlung	1901
urn:cts:greekLit:tlg2050.tlg001.opp-grc1	Orationes I-V	Libanius	Richardus Foerster	In Aedibus B.G. Teubneri	1903
urn:cts:greekLit:tlg2115.tlg060.opp-grc1	Hippolytus Werke	D. Dr. Paul Wendland	D. Dr. Paul Wendland	J. C. Hinrichs'Sche Buchhandlung	1916
urn:cts:greekLit:tlg2115.tlg060.perseus-grc1	Refutationis Omnium Haeresium Librorum Decem Quae Supersunt	S. Hypoliti	None	Dieterichianis	1859
urn:cts:greekLit:tlg2200.tlg001.opp-grc1	Epistulae 1-839	Libanius	Richardus Foerster	Georg Olms Verlagsbuchhandlung	1963
urn:cts:greekLit:tlg2200.tlg00401.opp-grc1	Orationes I-V	Libanius	Richardus Foerster	In Aedibus B.G. Teubneri	1903
urn:cts:greekLit:tlg2200.tlg00402.opp-grc1	Orationes I-V	Libanius	Richardus Foerster	In Aedibus B.G. Teubneri	1903
urn:cts:greekLit:tlg2200.tlg00403.opp-grc1	Orationes I-V	Libanius	Richardus Foerster	In Aedibus B.G. Teubneri	1903
urn:cts:greekLit:tlg2200.tlg00404.opp-grc1	Orationes I-V	Libanius	Richardus Foerster	In Aedibus B.G. Teubneri	1903
urn:cts:greekLit:tlg2200.tlg00405.opp-grc1	Orationes I-V	Libanius	Richardus Foerster	In Aedibus B.G. Teubneri	1903
urn:cts:greekLit:tlg2200.tlg00406.opp-grc1	Orationes I-V	Libanius	Richardus Foerster	In Aedibus B.G. Teubneri	1903
urn:cts:greekLit:tlg2200.tlg00407.opp-grc1	Orationes I-V	Libanius	Richardus Foerster	In Aedibus B.G. Teubneri	1903
urn:cts:greekLit:tlg2200.tlg00408.opp-grc1	Orationes I-V	Libanius	Richardus Foerster	In Aedibus B.G. Teubneri	1903
urn:cts:greekLit:tlg2200.tlg00409.opp-grc1	Orationes I-V	Libanius	Richardus Foerster	In Aedibus B.G. Teubneri	1903
urn:cts:greekLit:tlg2200.tlg00410.opp-grc1	Orationes I-V	Libanius	Richardus Foerster	In Aedibus B.G. Teubneri	1903
urn:cts:greekLit:tlg2200.tlg00411.opp-grc1	Orationes I-V	Libanius	Richardus Foerster	In Aedibus B.G. Teubneri	1903
urn:cts:greekLit:tlg2200.tlg00426.opp-grc1	Orationes Xxvi-L	Libanius	Richardus Foerster	In Aedibus B.G. Teubneri	1906
urn:cts:greekLit:tlg2200.tlg00427.opp-grc1	Orationes Xxvi-L	Libanius	Richardus Foerster	In Aedibus B.G. Teubneri	1906
urn:cts:greekLit:tlg2200.tlg00428.opp-grc1	Orationes Xxvi-L	Libanius	Richardus Foerster	In Aedibus B.G. Teubneri	1906
urn:cts:greekLit:tlg2200.tlg00429.opp-grc1	Orationes Xxvi-L	Libanius	Richardus Foerster	In Aedibus B.G. Teubneri	1906
urn:cts:greekLit:tlg2200.tlg00430.opp-grc1	Orationes Xxvi-L	Libanius	Richardus Foerster	In Aedibus B.G. Teubneri	1906
urn:cts:greekLit:tlg2200.tlg00431.opp-grc1	Orationes Xxvi-L	Libanius	Richardus Foerster	In Aedibus B.G. Teubneri	1906
urn:cts:greekLit:tlg2200.tlg00432.opp-grc1	Orationes Xxvi-L	Libanius	Richardus Foerster	In Aedibus B.G. Teubneri	1906
urn:cts:greekLit:tlg2200.tlg00433.opp-grc1	Orationes Xxvi-L	Libanius	Richardus Foerster	In Aedibus B.G. Teubneri	1906
urn:cts:greekLit:tlg2200.tlg00434.opp-grc1	Orationes Xxvi-L	Libanius	Richardus Foerster	In Aedibus B.G. Teubneri	1906
urn:cts:greekLit:tlg2200.tlg00435.opp-grc1	Orationes Xxvi-L	Libanius	Richardus Foerster	In Aedibus B.G. Teubneri	1906
urn:cts:greekLit:tlg2200.tlg00436.opp-grc1	Orationes Xxvi-L	Libanius	Richardus Foerster	In Aedibus B.G. Teubneri	1906
urn:cts:greekLit:tlg2200.tlg00437.opp-grc1	Orationes Xxvi-L	Libanius	Richardus Foerster	In Aedibus B.G. Teubneri	1906
urn:cts:greekLit:tlg2200.tlg00438.opp-grc1	Orationes Xxvi-L	Libanius	Richardus Foerster	In Aedibus B.G. Teubneri	1906
urn:cts:greekLit:tlg2200.tlg00439.opp-grc1	Orationes Xxvi-L	Libanius	Richardus Foerster	In Aedibus B.G. Teubneri	1906
urn:cts:greekLit:tlg2200.tlg00440.opp-grc1	Orationes Xxvi-L	Libanius	Richardus Foerster	In Aedibus B.G. Teubneri	1906
urn:cts:greekLit:tlg2200.tlg00441.opp-grc1	Orationes Xxvi-L	Libanius	Richardus Foerster	In Aedibus B.G. Teubneri	1906
urn:cts:greekLit:tlg2200.tlg00442.opp-grc1	Orationes Xxvi-L	Libanius	Richardus Foerster	In Aedibus B.G. Teubneri	1906
urn:cts:greekLit:tlg2200.tlg00443.opp-grc1	Orationes Xxvi-L	Libanius	Richardus Foerster	In Aedibus B.G. Teubneri	1906
urn:cts:greekLit:tlg2200.tlg00444.opp-grc1	Orationes Xxvi-L	Libanius	Richardus Foerster	In Aedibus B.G. Teubneri	1906
urn:cts:greekLit:tlg2200.tlg00445.opp-grc1	Orationes Xxvi-L	Libanius	Richardus Foerster	In Aedibus B.G. Teubneri	1906
urn:cts:greekLit:tlg2200.tlg00446.opp-grc1	Orationes Xxvi-L	Libanius	Richardus Foerster	In Aedibus B.G. Teubneri	1906
urn:cts:greekLit:tlg2200.tlg00447.opp-grc1	Orationes Xxvi-L	Libanius	Richardus Foerster	In Aedibus B.G. Teubneri	1906
urn:cts:greekLit:tlg2200.tlg00448.opp-grc1	Orationes Xxvi-L	Libanius	Richardus Foerster	In Aedibus B.G. Teubneri	1906
urn:cts:greekLit:tlg2200.tlg00449.opp-grc1	Orationes Xxvi-L	Libanius	Richardus Foerster	In Aedibus B.G. Teubneri	1906
urn:cts:greekLit:tlg2200.tlg00450.opp-grc1	Orationes Xxvi-L	Libanius	Richardus Foerster	In Aedibus B.G. Teubneri	1906
urn:cts:greekLit:tlg2200.tlg00451.opp-grc1	Orationes Li-Lxiv	Libanius	Richardus Foerster	In Aedibus B.G. Teubneri	1908
urn:cts:greekLit:tlg2200.tlg00452.opp-grc1	Orationes Li-Lxiv	Libanius	Richardus Foerster	In Aedibus B.G. Teubneri	1908
urn:cts:greekLit:tlg2200.tlg00453.opp-grc1	Orationes Li-Lxiv	Libanius	Richardus Foerster	In Aedibus B.G. Teubneri	1908
urn:cts:greekLit:tlg2200.tlg00454.opp-grc1	Orationes Li-Lxiv	Libanius	Richardus Foerster	In Aedibus B.G. Teubneri	1908
urn:cts:greekLit:tlg2200.tlg00455.opp-grc1	Orationes Li-Lxiv	Libanius	Richardus Foerster	In Aedibus B.G. Teubneri	1908
urn:cts:greekLit:tlg2200.tlg00456.opp-grc1	Orationes Li-Lxiv	Libanius	Richardus Foerster	In Aedibus B.G. Teubneri	1908
urn:cts:greekLit:tlg2200.tlg00457.opp-grc1	Orationes Li-Lxiv	Libanius	Richardus Foerster	In Aedibus B.G. Teubneri	1908
urn:cts:greekLit:tlg2200.tlg00458.opp-grc1	Orationes Li-Lxiv	Libanius	Richardus Foerster	In Aedibus B.G. Teubneri	1908
urn:cts:greekLit:tlg2200.tlg00459.opp-grc1	Orationes Li-Lxiv	Libanius	Richardus Foerster	In Aedibus B.G. Teubneri	1908
urn:cts:greekLit:tlg2200.tlg00460.opp-grc1	Orationes Li-Lxiv	Libanius	Richardus Foerster	In Aedibus B.G. Teubneri	1908
urn:cts:greekLit:tlg2200.tlg00461.opp-grc1	Orationes Li-Lxiv	Libanius	Richardus Foerster	In Aedibus B.G. Teubneri	1908
urn:cts:greekLit:tlg2200.tlg00462.opp-grc1	Orationes Li-Lxiv	Libanius	Richardus Foerster	In Aedibus B.G. Teubneri	1908
urn:cts:greekLit:tlg2200.tlg00463.opp-grc1	Orationes Li-Lxiv	Libanius	Richardus Foerster	In Aedibus B.G. Teubneri	1908
urn:cts:greekLit:tlg2200.tlg00464.opp-grc1	Orationes Li-Lxiv	Libanius	Richardus Foerster	In Aedibus B.G. Teubneri	1908
urn:cts:greekLit:tlg2200.tlg00501.opp-grc1	Declamationes I-Xii	Libanius	Richardus Foerster	In Aedibus B.G. Teubneri	1909
urn:cts:greekLit:tlg2200.tlg00502.opp-grc1	Declamationes I-Xii	Libanius	Richardus Foerster	In Aedibus B.G. Teubneri	1909
urn:cts:greekLit:tlg2200.tlg00503.opp-grc1	Declamationes         I-Xii	Libanius	Richardus Foerster	In Aedibus B.G. Teubneri	1909
urn:cts:greekLit:tlg2200.tlg00504.opp-grc1	Declamationes I-Xii	Libanius	Richardus Foerster	In Aedibus B.G. Teubneri	1909
urn:cts:greekLit:tlg2200.tlg00505.opp-grc1	Declamationes I-Xii	Libanius	Richardus Foerster	In Aedibus B.G. Teubneri	1909
urn:cts:greekLit:tlg2200.tlg00506.opp-grc1	Declamationes         I-Xii	Libanius	Richardus Foerster	In Aedibus B.G. Teubneri	1909
urn:cts:greekLit:tlg2200.tlg00507.opp-grc1	Declamationes I-Xii	Libanius	Richardus Foerster	In Aedibus B.G. Teubneri	1909
urn:cts:greekLit:tlg2200.tlg00508.opp-grc1	Declamationes I-Xii	Libanius	Richardus Foerster	In Aedibus B.G. Teubneri	1909
urn:cts:greekLit:tlg2200.tlg00509.opp-grc1	Declamationes I-Xii	Libanius	Richardus Foerster	In Aedibus B.G. Teubneri	1909
urn:cts:greekLit:tlg2200.tlg00510.opp-grc1	Declamationes I-Xii	Libanius	Richardus Foerster	In Aedibus B.G. Teubneri	1909
urn:cts:greekLit:tlg2200.tlg00511.opp-grc1	Declamationes I-Xii	Libanius	Richardus Foerster	In Aedibus B.G. Teubneri	1909
urn:cts:greekLit:tlg2200.tlg00512.opp-grc1	Declamationes I-Xii	Libanius	Richardus Foerster	In Aedibus B.G. Teubneri	1909
urn:cts:greekLit:tlg2200.tlg00513.opp-grc1	Orationes Xiii-Xxx	Libanius	Richardus Foerster	In Aedibus B. G. Teubneri	1911
urn:cts:greekLit:tlg2200.tlg00514.opp-grc1	Orationes         Xiii-Xxx	Libanius	Richardus Foerster	In Aedibus B. G. Teubneri	1911
urn:cts:greekLit:tlg2200.tlg00515.opp-grc1	Orationes Xiii-Xxx	Libanius	Richardus Foerster	In Aedibus B. G. Teubneri	1911
urn:cts:greekLit:tlg2200.tlg00516.opp-grc1	Orationes Xiii-Xxx	Libanius	Richardus Foerster	In Aedibus B. G. Teubneri	1911
urn:cts:greekLit:tlg2200.tlg00517.opp-grc1	Orationes Xiii-Xxx	Libanius	Richardus Foerster	In Aedibus B. G. Teubneri	1911
urn:cts:greekLit:tlg2200.tlg00518.opp-grc1	Orationes Xiii-Xxx	Libanius	Richardus Foerster	In Aedibus B. G. Teubneri	1911
urn:cts:greekLit:tlg2200.tlg00519.opp-grc1	Orationes Xiii-Xxx	Libanius	Richardus Foerster	In Aedibus B. G. Teubneri	1911
urn:cts:greekLit:tlg2200.tlg00520.opp-grc1	Orationes Xiii-Xxx	Libanius	Richardus Foerster	In Aedibus B. G. Teubneri	1911
urn:cts:greekLit:tlg2200.tlg00521.opp-grc1	Orationes Xiii-Xxx	Libanius	Richardus Foerster	In Aedibus B. G. Teubneri	1911
urn:cts:greekLit:tlg2200.tlg00522.opp-grc1	Orationes Xiii-Xxx	Libanius	Richardus Foerster	In Aedibus B. G. Teubneri	1911
urn:cts:greekLit:tlg2200.tlg00523.opp-grc1	Orationes Xiii-Xxx	Libanius	Richardus Foerster	In Aedibus B. G. Teubneri	1911
urn:cts:greekLit:tlg2200.tlg00524.opp-grc1	Orationes         Xiii-Xxx	Libanius	Richardus Foerster	In Aedibus B. G. Teubneri	1911
urn:cts:greekLit:tlg2200.tlg00525.opp-grc1	Orationes         Xiii-Xxx	Libanius	Richardus Foerster	In Aedibus B. G. Teubneri	1911
urn:cts:greekLit:tlg2200.tlg00526.opp-grc1	Orationes         Xiii-Xxx	Libanius	Richardus Foerster	In Aedibus B. G. Teubneri	1911
urn:cts:greekLit:tlg2200.tlg00527.opp-grc1	Orationes Xiii-Xxx	Libanius	Richardus Foerster	In Aedibus B. G. Teubneri	1911
urn:cts:greekLit:tlg2200.tlg00528.opp-grc1	Orationes Xiii-Xxx	Libanius	Richardus Foerster	In Aedibus B. G. Teubneri	1911
urn:cts:greekLit:tlg2200.tlg00529.opp-grc1	Orationes Xiii-Xxx	Libanius	Richardus Foerster	In Aedibus B. G. Teubneri	1911
urn:cts:greekLit:tlg2200.tlg00530.opp-grc1	Orationes Xiii-Xxx	Libanius	Richardus Foerster	In Aedibus B. G. Teubneri	1911
urn:cts:greekLit:tlg2200.tlg00531.opp-grc1	Declamationes Xxxi-Li	Libanius	Richardus Foerster	In Aedibus B. G. Teubneri	1913
urn:cts:greekLit:tlg2200.tlg00532.opp-grc1	Declamationes Xxxi-Li	Libanius	Richardus Foerster	In Aedibus B. G. Teubneri	1913
urn:cts:greekLit:tlg2200.tlg00533.opp-grc1	Declamationes Xxxi-Li	Libanius	Richardus Foerster	In Aedibus B. G. Teubneri	1913
urn:cts:greekLit:tlg2200.tlg00534.opp-grc1	Declamationes Xxxi-Li	Libanius	Richardus Foerster	In Aedibus B. G. Teubneri	1913
urn:cts:greekLit:tlg2200.tlg00535.opp-grc1	Declamationes Xxxi-Li	Libanius	Richardus Foerster	In Aedibus B. G. Teubneri	1913
urn:cts:greekLit:tlg2200.tlg00536.opp-grc1	Declamationes Xxxi-Li	Libanius	Richardus Foerster	In Aedibus B. G. Teubneri	1913
urn:cts:greekLit:tlg2200.tlg00537.opp-grc1	Declamationes Xxxi-Li	Libanius	Richardus Foerster	In Aedibus B. G. Teubneri	1913
urn:cts:greekLit:tlg2200.tlg00538.opp-grc1	Declamationes Xxxi-Li	Libanius	Richardus Foerster	In Aedibus B. G. Teubneri	1913
urn:cts:greekLit:tlg2200.tlg00539.opp-grc1	Declamationes Xxxi-Li	Libanius	Richardus Foerster	In Aedibus B. G. Teubneri	1913
urn:cts:greekLit:tlg2200.tlg00540.opp-grc1	Declamationes Xxxi-Li	Libanius	Richardus Foerster	In Aedibus B. G. Teubneri	1913
urn:cts:greekLit:tlg2200.tlg00541.opp-grc1	Declamationes Xxxi-Li	Libanius	Richardus Foerster	In Aedibus B. G. Teubneri	1913
urn:cts:greekLit:tlg2200.tlg00542.opp-grc1	Declamationes Xxxi-Li	Libanius	Richardus Foerster	In Aedibus B. G. Teubneri	1913
urn:cts:greekLit:tlg2200.tlg00543.opp-grc1	Declamationes Xxxi-Li	Libanius	Richardus Foerster	In Aedibus B. G. Teubneri	1913
urn:cts:greekLit:tlg2200.tlg00544.opp-grc1	Declamationes Xxxi-Li	Libanius	Richardus Foerster	In Aedibus B. G. Teubneri	1913
urn:cts:greekLit:tlg2200.tlg00545.opp-grc1	Declamationes Xxxi-Li	Libanius	Richardus Foerster	In Aedibus B. G. Teubneri	1913
urn:cts:greekLit:tlg2200.tlg00546.opp-grc1	Declamationes Xxxi-Li	Libanius	Richardus Foerster	In Aedibus B. G. Teubneri	1913
urn:cts:greekLit:tlg2200.tlg00547.opp-grc1	Declamationes Xxxi-Li	Libanius	Richardus Foerster	In Aedibus B. G. Teubneri	1913
urn:cts:greekLit:tlg2200.tlg00548.opp-grc1	Declamationes Xxxi-Li	Libanius	Richardus Foerster	In Aedibus B. G. Teubneri	1913
urn:cts:greekLit:tlg2200.tlg00549.opp-grc1	Declamationes Xxxi-Li	Libanius	Richardus Foerster	In Aedibus B. G. Teubneri	1913
urn:cts:greekLit:tlg2200.tlg00550.opp-grc1	Declamationes Xxxi-Li	Libanius	Richardus Foerster	In Aedibus B. G. Teubneri	1913
urn:cts:greekLit:tlg2200.tlg00551.opp-grc1	Declamationes Xxxi-Li	Libanius	Richardus Foerster	In Aedibus B. G. Teubneri	1913
urn:cts:greekLit:tlg2200.tlg008.opp-grc1	Fasc. I. Libanii Qui Feruntur Characteres Epistolici Prolegomena Ad Epistulas	Libanius	Richardus Foerster	Georg Olms Verlagsbuchhandlung	1963
urn:cts:greekLit:tlg2255.perseus001.perseus-grc1	Ελενης Εγκωμιον	Γοργιου	None	Teubner	1908
urn:cts:greekLit:tlg2255.perseus002.perseus-grc1	Υπερ Παλαμηδους Απολογια	Γοργιου	None	Teubner	1908
urn:cts:greekLit:tlg2313.perseus001.perseus-grc1	Αιας	Αντισθενους	None	Teubner	1881
urn:cts:greekLit:tlg2313.perseus002.perseus-grc1	Οδυσσευς	Αντισθενους	None	Teubner	1881
urn:cts:greekLit:tlg2371.tlg001.opp-grc1	Corpus Scriptorum Historiae Byzantinae.	B. G. Niebuhrii C. F.	B. G. Niebuhrii C. F.	Impensis Ed. Weberi	MDCCCXXXII.
urn:cts:greekLit:tlg2703.tlg001.opp-grc1	Annae Comnenae	Augustus Reifferscheidii	Augustus Reifferscheidii	In Aedibus B. G. Teubneri	MDCCCLXXXIV
urn:cts:greekLit:tlg2703.tlg001.opp-grclat1	Corpus Scriptorum Historiae Byzantinae.	Ludovicus Schopenus.	Ludovicus Schopenus; B. G. Niebuhrii C.F.	Impensis Ed. Weberi	1839
urn:cts:greekLit:tlg2768.tlg001.opp-grc1	Gelasius Kirchengeschichte	Dr. Margret Heinemann	Dr. Margret Heinemann	J. C. Hinrichs'Sche Buchhandlung	1918
urn:cts:greekLit:tlg2768.tlg002.opp-grc1	Gelasius Kirchengeschichte	Gelasius	Prof. Lic. Gerhard Loeschcke; Dr. Margret Heinemann	J. C. Hinrichs'Sche Buchhandlung	1918
urn:cts:greekLit:tlg2768.tlg002.opp-lat1	Gelasius Kirchengeschichte	Gelasius	Prof. Lic. Gerhard Loeschcke; Dr. Margret Heinemann	J. C. Hinrichs'Sche Buchhandlung	1918
urn:cts:greekLit:tlg2959.tlg001.opp-grc1	Methodius	D.G. Nathanael Bonwetsch	D.G. Nathanael Bonwetsch	J. C. Hinrichs'Sche Buchhandlung	1917
urn:cts:greekLit:tlg2959.tlg002.opp-ger1	Methodius	D.G. Nathanael Bonwetsch	D.G. Nathanael Bonwetsch	J. C. Hinrichs'Sche Buchhandlung	1917
urn:cts:greekLit:tlg2959.tlg002.opp-grc1	Methodius	D.G. Nathanael Bonwetsch	D.G. Nathanael Bonwetsch	J. C. Hinrichs'Sche Buchhandlung	1917
urn:cts:greekLit:tlg2959.tlg003.opp-ger1	Methodius	D.G. Nathanael Bonwetsch	D.G. Nathanael Bonwetsch	J. C. Hinrichs'Sche Buchhandlung	1917
urn:cts:greekLit:tlg2959.tlg004.opp-ger1	Methodius	D.G. Nathanael Bonwetsch	D.G. Nathanael Bonwetsch	J. C. Hinrichs'Sche Buchhandlung	1917
urn:cts:greekLit:tlg2959.tlg005.opp-grc1	Methodius	D.G. Nathanael Bonwetsch	D.G. Nathanael Bonwetsch	J. C. Hinrichs'Sche Buchhandlung	1917
urn:cts:greekLit:tlg2959.tlg006.opp-grc1	Methodius	D.G. Nathanael Bonwetsch	D.G. Nathanael Bonwetsch	J. C. Hinrichs'Sche Buchhandlung	1917
urn:cts:greekLit:tlg2959.tlg007.opp-grc1	Methodius	D.G. Nathanael Bonwetsch	D.G. Nathanael Bonwetsch	J. C. Hinrichs'Sche Buchhandlung	1917
urn:cts:greekLit:tlg2959.tlg008.opp-grc1	Methodius	D.G. Nathanael Bonwetsch	D.G. Nathanael Bonwetsch	J. C. Hinrichs'Sche Buchhandlung	1917
urn:cts:greekLit:tlg2959.tlg010.opp-grc1	Methodius	D.G. Nathanael Bonwetsch	D.G. Nathanael Bonwetsch	J. C. Hinrichs'Sche Buchhandlung	1917
urn:cts:greekLit:tlg2959.tlg011.opp-ger1	Methodius	D.G. Nathanael Bonwetsch	D.G. Nathanael Bonwetsch	J. C. Hinrichs'Sche Buchhandlung	1917
urn:cts:greekLit:tlg2959.tlg012.opp-ger1	Methodius	D.G. Nathanael Bonwetsch	D.G. Nathanael Bonwetsch	J. C. Hinrichs'Sche Buchhandlung	1917
urn:cts:greekLit:tlg3135.tlg001.opp-grc1	Ioannis Zonarae Epitome Historiarum	Ludovicus Dindorfius.	Ludovicus Dindorfius.	In Aedibus Β. G. Teubneri.	1868
urn:cts:greekLit:tlg3135.tlg004.opp-grc1	Ioannis Zonarae Epitome Historiarum	Ludovicus Dindorfius.	Ludovicus Dindorfius.	In Aedibus B. G. Teubneri.	MDCCCLXXI.
urn:cts:greekLit:tlg3135.tlg005.opp-grc1	Ioannis Zonarae Epitome Historiarum	Ludovicus Dindorfius.	Ludovicus Dindorfius.	In Aedibus B. G. Teubneri.	MDCCCLXXI.
urn:cts:greekLit:tlg4013.tlg001.opp-grc1	Commentaria In Aristotelem Graeca	I.L. Heiberg	I.L. Heiberg	Typis Et Impensis Georgii Reimeri	MDCCCLXXXXIII.
urn:cts:greekLit:tlg4013.tlg003.opp-grc1	Comentaria In Aristotelem Graeca	Carolus Kalbfleisch	Carolus Kalbfleisch	Typis Et Impensis Georgii Reimeri	MCMVII
urn:cts:greekLit:tlg4013.tlg004.opp-grc1	Commentaria In Aristotelem Graeca	Hermannus Diels	Hermannus Diels	Typis Et Impensis Georgh Reimeri	MDCCCLXXXXV
urn:cts:greekLit:tlg4013.tlg005.opp-grc1	Commentaria In Aristotelem Graeca	Michael Hayduck	Michael Hayduck	Typis Et Impensis G. Reimeri	MDCCCLXXXII
urn:cts:greekLit:tlg4015.tlg001.opp-grc1	Commentaria In Aristotelem Graeca	Adolfus Busse	Adolfus Busse	Typis Et Impensis Georgii Reimeri	MDCCCLXXXXVIII
urn:cts:greekLit:tlg4015.tlg002.opp-grc1	Commentaria In Aristotelem Graeca	Adolfus Busse	Adolfus Busse	Typis Et Impensis Georgii Reimeri	MDCCCLXXXXVIII
urn:cts:greekLit:tlg4015.tlg003.opp-grc1	Commentaria In Aristotelem Graeca	Maximillanus Wallies	Maximillanus Wallies	Tyis Et Impensis Georgh Reimeri	MCMIX
urn:cts:greekLit:tlg4015.tlg005.opp-grc1	In         Aristotelis Meteorologicorum Librum Primum Commentarium	John         Philoponus	Michael Hayduck	Berolini: Typis Et Impensis G. Reimeri	1901
urn:cts:greekLit:tlg4015.tlg006.opp-grc1	In Aristotelis Meteorologicorum Librum Primum Commentarium	John Philoponus	Michael Hayduck	Berolini: Typis Et Impensis G. Reimeri	1901
urn:cts:greekLit:tlg4015.tlg007.opp-grc1	In Aristotelis Meteorologicorum Librum Primum Commentarium	John Philoponus	Michael Hayduck	Berolini: Typis Et Impensis G. Reimeri	1901
urn:cts:greekLit:tlg4015.tlg008.opp-grc1	Commentaria In Aristotelem Graeca	Michael Hayduck	Michael Hayduck	Typis Et Impensis Georgii Reimeri	MDCCCLXXXXVII
urn:cts:greekLit:tlg4015.tlg009.opp-grc1	Comentaria In Aristotelem Graeca	Hieronymus Vitelli	Hieronymus Vitelli	Typis Et Impensis Georgii Reimeri	MDCCCLXXXVII.
urn:cts:greekLit:tlg4016.tlg001.opp-grc2	In Aristotelis Categorias Commentarium	Dexippus	Adolfus Busse	Berolini: Typis Et Impensis G. Reimeri	1888
urn:cts:greekLit:tlg4016.tlg002.opp-grc2	In Aristotelis Categorias Commentarium	Dexippus	Adolfus Busse	Berolini: Typis Et Impensis G. Reimeri	1888
urn:cts:greekLit:tlg4016.tlg003.opp-grc2	In Aristotelis Categorias Commentarium	Dexippus	Adolfus Busse	Berolini: Typis Et Impensis G. Reimeri	1888
urn:cts:greekLit:tlg4016.tlg004.opp-grc2	In Aristotelis Categorias Commentarium	Dexippus	Adolfus Busse	Berolini: Typis Et Impensis G. Reimeri	1888
urn:cts:greekLit:tlg4017.tlg001.opp-grc1	Commentaria In Aristotelem Graeca	Guilelmus Kroll	Guilelmus Kroll	Typis Et Impensis Georgii Reimeri	MCMII
urn:cts:greekLit:tlg4018.tlg001.opp-grc2	Commentaria In Aristotelem Graeca	Guilelmus Kroll	Guilelmus Kroll	Typis Et Impensis Georgii Reimeri	MCMII
urn:cts:greekLit:tlg4019.tlg001.opp-grc1	Commentaria In Aristotelem Graeca	Adolfus Busse	Adolfus Busse	In Aedibus B. G. Teubneri	MDCCCLXVII
urn:cts:greekLit:tlg4019.tlg003.opp-grc1	Commentaria In Aristotelem Graeca	Adolfus Busse	Adolfus Busse	In Aedibus B. G. Teubneri	MDCCCLXVII
urn:cts:greekLit:tlg4020.tlg001.opp-grc1	Commentaria In Aristotelem Graeca	Adolfus Busse	Adolfus Busse	Typis Et Impensis Georgii Reimeri	MCM
urn:cts:greekLit:tlg4020.tlg002.opp-grc1	Commentaria In Aristotelem Graeca	Adolfus Busse	Adolfus Busse	Typis Et Impensis Georgii Reimeri	MCM
urn:cts:greekLit:tlg4021.tlg002.opp-grc1	Commentaria In Aristotelem Graeca	Adolfus Busse	Adolfus Busse	Typis Et Impensis Georgii Reimeri	MCM
urn:cts:greekLit:tlg4024.tlg001.opp-grc2	Corpus Scriptorum Historiae	B. G. Niebuhrii C.F.	B. G. Niebuhrii C.F.	In Aedibus B. G. Teubneri	MDCCCLXVII
urn:cts:greekLit:tlg4024.tlg002.opp-grc12	Corpus Scriptorum Historiae	B. G. Niebuhrii C.F.	B. G. Niebuhrii C.F.	In Aedibus B. G. Teubneri	MDCCCLXVII
urn:cts:greekLit:tlg4027.tlg001.opp-grc1	In Libros De Anima Paraphrasis	Sophonias	Michael Hayduck	Berolini: Typis Et Impensis G. Reimeri	1883-1884
urn:cts:greekLit:tlg4030.tlg001.opp-grc1	In Libros De Anima Paraphrasis	Sophonias	Michael Hayduck	Berolini: Typis Et Impensis G. Reimeri	1883-1884
urn:cts:greekLit:tlg4031.tlg002.opp-grc1	Commentaria In Aristotelem Graeca	Gustavus Heylbut	Gustavus Heylbut	Typis Et Impensis Georgii Beimeri	MDCCCLXXXXII
urn:cts:greekLit:tlg4033.tlg003.opp-grc1	In Ethica Nicomachea Quae Supersunt Commentaria	Aspasius	Gustavus Heylbut	Berolini: Typis Et Impensis G. Reimeri	1889
urn:cts:greekLit:tlg4034.tlg002.opp-grc1	In Parva Naturalia Commentaria	Michael Ephesius	Paulus Wendland	Berolini: Typis Et Impensis G. Reimeri	1903
urn:cts:greekLit:tlg4034.tlg003.opp-grc1	In Parva Naturalia Commentaria	Michael Ephesius	Paulus Wendland	Berolini: Typis Et Impensis G. Reimeri	1903
urn:cts:greekLit:tlg4034.tlg003.opp-grc2	In Parva Naturalia Commentaria	Michael Ephesius	Paulus Wendland	Berolini: Typis Et Impensis G. Reimeri	1903
urn:cts:greekLit:tlg4034.tlg006.opp-grc1	In Parva Naturalia Commentaria	Michael Ephesius	Paulus Wendland	Berolini: Typis Et Impensis G. Reimeri	1903
urn:cts:greekLit:tlg4034.tlg006.opp-grc2	In Parva Naturalia Commentaria	Michael Ephesius	Paulus Wendland	Berolini: Typis Et Impensis G. Reimeri	1903
urn:cts:greekLit:tlg4036.tlg001.opp-grc1	Proclus Diadochus	Gvilelmvs Kroll	Gvilelmvs Kroll	In Aedibvs B. G. Tevbneri	MDCCCXCIX
urn:cts:greekLit:tlg4089.tlg003.opp-grc1	Theodoret Kirchengeschichte	Dr. Léon Parmentier	Dr. Léon Parmentier	J.C. Hinrichs'Sche Buchhandlung	1911
urn:cts:greekLit:tlg4102.tlg001.opp-grc1	In Evangelia S. Matthaei Et S. Marci	None	John Anthony Cramer	E Typographeo Academico	1844
urn:cts:greekLit:tlg4102.tlg002.opp-grc1	In Evangelia S. Matthaei Et S. Marci	None	John Anthony Cramer	E Typographeo Academico	1844
urn:cts:greekLit:tlg4102.tlg003.opp-grc1	In Evangelia S. Matthaei Et S. Marci	None	John Anthony Cramer	E Typographeo Academico	1844
urn:cts:greekLit:tlg4102.tlg004.opp-grc1	In Evangelia S. Lucae Et S. Joannis	None	John Anthony Cramer	E Typographeo Academico	1844
urn:cts:greekLit:tlg4102.tlg005.opp-grc1	In Evangelia S. Lucae Et S. Joannis	None	John Anthony Cramer	E Typographeo Academico	1844
urn:cts:greekLit:tlg4102.tlg006.opp-grc1	In Evangelia S. Lucae Et S. Joannis	None	John Anthony Cramer	E Typographeo Academico	1844
urn:cts:greekLit:tlg4102.tlg007.opp-grc1	In Evangelia S. Lucae Et S. Joannis	None	John Anthony Cramer	E Typographeo Academico	1844
urn:cts:greekLit:tlg4102.tlg008.opp-grc1	In Acta Ss. Apostolorum	None	John Anthony Cramer	E Typographeo Academico	1844
urn:cts:greekLit:tlg4102.tlg010.opp-grc1	In Epistulam S. Pauli Ad Romanos	None	John Anthony Cramer	E Typographeo Academico	1844
urn:cts:greekLit:tlg4102.tlg011.opp-grc1	In Epistulam S. Pauli Ad Romanos	None	John Anthony Cramer	E Typographeo Academico	1844
urn:cts:greekLit:tlg4102.tlg012.opp-grc1	In Epistolas S. Pauli Ad Corinthios	None	John Anthony Cramer	E Typographeo Academico	1844
urn:cts:greekLit:tlg4102.tlg013.opp-grc1	In Epistolas S. Pauli Ad Corinthios	None	John Anthony Cramer	E Typographeo Academico	1844
urn:cts:greekLit:tlg4102.tlg019.opp-grc1	In Epistolas S. Pauli Ad Galatas, Ephesios, Philippenses, Colossenses, Thessalonicenses	None	John Anthony Cramer	E Typographeo Academico	1844
urn:cts:greekLit:tlg4102.tlg020.opp-grc1	In Epistolas S. Pauli Ad Galatas, Ephesios, Philippenses, Colossenses, Thessalonicenses	None	John Anthony Cramer	E Typographeo Academico	1844
urn:cts:greekLit:tlg4102.tlg021.opp-grc1	In Epistolas S. Pauli Ad Galatas, Ephesios, Philippenses, Colossenses, Thessalonicenses	None	John Anthony Cramer	E Typographeo Academico	1844
urn:cts:greekLit:tlg4102.tlg022.opp-grc1	In Epistolas S. Pauli Ad Galatas, Ephesios, Philippenses, Colossenses, Thessalonicenses	None	John Anthony Cramer	E Typographeo Academico	1844
urn:cts:greekLit:tlg4102.tlg023.opp-grc1	In Epistolas S. Pauli Ad Galatas, Ephesios, Philippenses, Colossenses, Thessalonicenses	None	John Anthony Cramer	E Typographeo Academico	1844
urn:cts:greekLit:tlg4102.tlg024.opp-grc1	In Epistolas S. Pauli Ad Galatas, Ephesios, Philippenses, Colossenses, Thessalonicenses	None	John Anthony Cramer	E Typographeo Academico	1844
urn:cts:greekLit:tlg4102.tlg034.opp-grc1	In Epistolas S. Pauli Ad Timotheum, Titum, Philemona, Et Ad Hebraeos	None	John Anthony Cramer	E Typographeo Academico	1844
urn:cts:greekLit:tlg4102.tlg035.opp-grc1	In Epistolas S. Pauli Ad Timotheum, Titum, Philemona, Et Ad Hebraeos	None	John Anthony Cramer	E Typographeo Academico	1844
urn:cts:greekLit:tlg4102.tlg036.opp-grc1	In Epistolas S. Pauli Ad Timotheum, Titum, Philemona, Et Ad Hebraeos	None	John Anthony Cramer	E Typographeo Academico	1844
urn:cts:greekLit:tlg4102.tlg037.opp-grc1	In Epistolas S. Pauli Ad Timotheum, Titum, Philemona, Et Ad Hebraeos	None	John Anthony Cramer	E Typographeo Academico	1844
urn:cts:greekLit:tlg4102.tlg038.opp-grc1	In Epistolas S. Pauli Ad Timotheum, Titum, Philemona, Et Ad Hebraeos	None	John Anthony Cramer	E Typographeo Academico	1844
urn:cts:greekLit:tlg4102.tlg040.opp-grc1	Catenæ Græcorum Patrum In Novum Testamentum	J. A. Cramer, S.T.P.	J. A. Cramer, S.T.P.	E Typographeo Academico.	MDCCCXL.
urn:cts:greekLit:tlg4102.tlg041.opp-grc1	Catenæ Græcorum Patrum In Novum Testamentum	J. A. Cramer, S.T.P.	J. A. Cramer, S.T.P.	E Typographeo Academico.	MDCCCXL.
urn:cts:greekLit:tlg4102.tlg042.opp-grc1	Catenæ Græcorum Patrum In Novum Testamentum	J. A. Cramer, S.T.P.	J. A. Cramer, S.T.P.	E Typographeo Academico.	MDCCCXL.
urn:cts:greekLit:tlg4102.tlg043.opp-grc1	Catenæ Græcorum Patrum In Novum Testamentum	J. A. Cramer, S.T.P.	J. A. Cramer, S.T.P.	E Typographeo Academico.	MDCCCXL.
urn:cts:greekLit:tlg4102.tlg044.opp-grc1	Catenæ Græcorum Patrum In Novum Testamentum	J. A. Cramer, S.T.P.	J. A. Cramer, S.T.P.	E Typographeo Academico.	MDCCCXL.
urn:cts:greekLit:tlg4102.tlg045.opp-grc1	Catenæ Græcorum Patrum In Novum Testamentum	J. A. Cramer, S.T.P.	J. A. Cramer, S.T.P.	E Typographeo Academico.	MDCCCXL.
urn:cts:greekLit:tlg4102.tlg046.opp-grc1	Catenæ Græcorum Patrum In Novum Testamentum	J. A. Cramer, S.T.P.	J. A. Cramer, S.T.P.	E Typographeo Academico.	MDCCCXL.
urn:cts:greekLit:tlg4102.tlgX01.opp-grc1	Catenæ Græcorum Patrum In Novum Testamentum	J. A. Cramer, S.T.P.	J. A. Cramer, S.T.P.	E Typographeo Academico.	MDCCCXL.
urn:cts:greekLit:tlg4102.tlgX02.opp-grc1	Catenæ Græcorum Patrum In Novum Testamentum	J. A. Cramer, S.T.P.	J. A. Cramer, S.T.P.	E Typographeo Academico.	MDCCCXL.
urn:cts:greekLit:tlg4102.tlgX03.opp-grc1	Catenæ Græcorum Patrum In Novum Testamentum	J. A. Cramer, S.T.P.	J. A. Cramer, S.T.P.	E Typographeo Academico.	MDCCCXL.
urn:cts:greekLit:tlg4193.tlg012.opp-grc1	In Libros De Anima Paraphrasis	Sophonias	Michael Hayduck	Berolini: Typis Et Impensis G. Reimeri	1883-1884
urn:cts:greekLit:tlg9004.tlg001.opp-grc1	Commentaria In Aristotelem Graeca	Maximillanus Wallies	Maximillanus Wallies	Tyis Et Impensis Georgh Reimeri	MCMIX
urn:cts:greekLit:tlg9006.tlg011.opp-grc1	Orationes Xiii-Xxx	Libanius	Richardus Foerster	In Aedibus B. G. Teubneri	1911
urn:cts:greekLit:tlg9019.tlg001.opp-grc1	Commentaria In Aristotelem Graeca	Adolfus Busse	Adolfus Busse	Typis Et Impensis Georgii Reimeri	MCM
