URN	(Suggested) Full_URN	Title	Author	Editor	Publisher	Publication Year
commentaria_05_4-6_0_THEMISTII_IN LIBROS ARISTOTELIS DE CAELO PARAPHRASIS	tlg2001.tlg043.opp-grc1	COMMENTARIA IN ARISTOTELEM GRAECA	SAMUEL LANDAUER	SAMUEL LANDAUER	typis et impensis georgii reimeri	MCMII
gelasius-kg_1_	tlg2768.tlg001.opp-grc1-Κατὰ Εὐσεβίου καὶ Θεογνίου	GELASIUS KIRCHENGESCHICHTE	DR. MARGRET HEINEMANN	DR. MARGRET HEINEMANN	J. C. HINRICHS'SCHE BUCHHANDLUNG	1918
henoch.1901_0_	tlg1463.tlg001.opp-grc1	DAS BUCH HENOCH	DR. JOH. FLEMMING	DR. JOH. FLEMMING	J.C.HINRICHS'SCHE BUCHHANDLUNG	1901
methodius_1_UNKNOWN	tlg2959.tlg011.opp-grc1	METHODIUS	D.G. NATHANAEL BONWETSCH	D.G. NATHANAEL BONWETSCH	J. C. HINRICHS'SCHE BUCHHANDLUNG	1917
methodius_2_UNKNOWN	tlg2959.tlg012.opp-grc1	METHODIUS	D.G. NATHANAEL BONWETSCH	D.G. NATHANAEL BONWETSCH	J. C. HINRICHS'SCHE BUCHHANDLUNG	1917
methodius_4_UNKNOWN	tlg2959.tlg013.opp-grc1	METHODIUS	D.G. NATHANAEL BONWETSCH	D.G. NATHANAEL BONWETSCH	J. C. HINRICHS'SCHE BUCHHANDLUNG	1917
mpg242.ZZZ	tlg9006.tlg011.opp-grc1	Atheniensium Defensio	Gregory II of Cyprus	Richardus Foerster	In Aedibus B. G. Teubneri	1911
Themistius.ANALYTICORUM_PARAPHRASIS	tlg2001.tlg042.opp-grc1	In libros de anima paraphrasis	Sophonias	Michael Hayduck	Berolini: Typis et Impensis G. Reimeri	1883-1884
tlg0018.tlg001	tlg0018.tlg001.opp-grc1	PHILONIS ALEXANDRINI OPERA QVAE SVRERSVNT	LEOPOLDVS COHN	LEOPOLDVS COHN	TYPIS ET IMPENSIS GEORGII REIMERI	XDCCCLXXXXI
tlg0018.tlg002	tlg0018.tlg002.opp-grc1	PHILONIS ALEXANDRINI OPERA QVAE SVRERSVNT	LEOPOLDVS COHN	LEOPOLDVS COHN	TYPIS ET IMPENSIS GEORGII REIMERI	XDCCCLXXXXI
tlg0018.tlg003	tlg0018.tlg003.opp-grc1	PHILONIS ALEXANDRINI OPERA QVAE SVRERSVNT	LEOPOLDVS COHN	LEOPOLDVS COHN	TYPIS ET IMPENSIS GEORGII REIMERI	XDCCCLXXXXI
tlg0018.tlg004	tlg0018.tlg004.opp-grc1	PHILONIS ALEXANDRINI OPERA QVAE SVRERSVNT	LEOPOLDVS COHN	LEOPOLDVS COHN	TYPIS ET IMPENSIS GEORGII REIMERI	XDCCCLXXXXI
tlg0018.tlg005	tlg0018.tlg005.opp-grc1	PHILONIS ALEXANDRINI OPERA QVAE SVRERSVNT	LEOPOLDVS COHN	LEOPOLDVS COHN	TYPIS ET IMPENSIS GEORGII REIMERI	XDCCCLXXXXI
tlg0018.tlg006	tlg0018.tlg006.opp-grc1	PHILONIS ALEXANDRINI OPERA QVAE SVRERSVNT	LEOPOLDVS COHN	LEOPOLDVS COHN	TYPIS ET IMPENSIS GEORGII REIMERI	XDCCCLXXXXI
tlg0018.tlg007	tlg0018.tlg007.opp-grc1	PHILONIS ALEXANDRINI OPERA QVAE SVRERSVNT	LEOPOLDVS COHN	LEOPOLDVS COHN	TYPIS ET IMPENSIS GEORGII REIMERI	XDCCCLXXXXI
tlg0018.tlg008	tlg0018.tlg008.opp-grc1	PHILONIS ALEXANDRINI OPERA QVAE SVRERSVNT	LEOPOLDVS COHN	LEOPOLDVS COHN	TYPIS ET IMPENSIS GEORGII REIMERI	XDCCCLXXXXI
tlg0018.tlg009	tlg0018.tlg009.opp-grc1	PHILONIS ALEXANDRINI OPERA QVAE SVRERSVNT	LEOPOLDVS COHN	LEOPOLDVS COHN	TYPIS ET IMPENSIS GEORGII REIMERI	XDCCCLXXXXI
tlg0018.tlg010	tlg0018.tlg010.opp-grc1	PHILONIS ALEXANDRINI OPERA QVAE SVRERSVNT	LEOPOLDVS COHN	LEOPOLDVS COHN	TYPIS ET IMPENSIS GEORGII REIMERI	XDCCCLXXXXI
tlg0018.tlg011	tlg0018.tlg011.opp-grc1	PHILONIS ALEXANDRINI OPERA QVAE SVRERSVNT	LEOPOLDVS COHN	LEOPOLDVS COHN	TYPIS ET IMPENSIS GEORGII REIMERI	XDCCCLXXXXI
tlg0018.tlg012	tlg0018.tlg012.opp-grc1	PHILONIS ALEXANDRINI OPERA QVAE SVRERSVNT	LEOPOLDVS COHN	LEOPOLDVS COHN	TYPIS ET IMPENSIS GEORGII REIMERI	XDCCCLXXXXI
tlg0018.tlg013	tlg0018.tlg013.opp-grc1	PHILONIS ALEXANDRINI OPERA QVAE SVRERSVNT	LEOPOLDVS COHN	LEOPOLDVS COHN	TYPIS ET IMPENSIS GEORGII REIMERI	XDCCCLXXXXI
tlg0018.tlg014	tlg0018.tlg014.opp-grc1	PHILONIS ALEXANDRINI OPERA QVAE SVRERSVNT	LEOPOLDVS COHN	LEOPOLDVS COHN	TYPIS ET IMPENSIS GEORGII REIMERI	XDCCCLXXXXI
tlg0018.tlg015	tlg0018.tlg015.opp-grc1	PHILONIS ALEXANDRINI OPERA QVAE SVRERSVNT	LEOPOLDVS COHN	LEOPOLDVS COHN	TYPIS ET IMPENSIS GEORGII REIMERI	XDCCCLXXXXI
tlg0018.tlg016	tlg0018.tlg016.opp-grc1	PHILONIS ALEXANDRINI OPERA QVAE SVRERSVNT	LEOPOLDVS COHN	LEOPOLDVS COHN	TYPIS ET IMPENSIS GEORGII REIMERI	XDCCCLXXXXI
tlg0018.tlg017	tlg0018.tlg017.opp-grc1	PHILONIS ALEXANDRINI OPERA QVAE SVRERSVNT	LEOPOLDVS COHN	LEOPOLDVS COHN	TYPIS ET IMPENSIS GEORGII REIMERI	XDCCCLXXXXI
tlg0018.tlg018	tlg0018.tlg018.opp-grc1	PHILONIS ALEXANDRINI OPERA QVAE SVRERSVNT	LEOPOLDVS COHN	LEOPOLDVS COHN	TYPIS ET IMPENSIS GEORGII REIMERI	XDCCCLXXXXI
tlg0018.tlg019	tlg0018.tlg019.opp-grc1	PHILONIS ALEXANDRINI OPERA QVAE SVRERSVNT	LEOPOLDVS COHN	LEOPOLDVS COHN	TYPIS ET IMPENSIS GEORGII REIMERI	XDCCCLXXXXI
tlg0018.tlg024	tlg0018.tlg024.opp-grc1	PHILONIS ALEXANDRINI OPERA QVAE SVPERSVNT	LEOPOLDVS COHN ET PAVLVS WENDLAND	LEOPOLDVS COHN ET PAVLVS WENDLAND	TYPIS ET IMPENSIS GEORGII REIMERI	MCMII
tlg0018.tlg025	tlg0018.tlg025.opp-grc1	PHILONIS ALEXANDRINI OPERA QVAE SVPERSVNT	LEOPOLDVS COHN ET PAVLVS WENDLAND	LEOPOLDVS COHN ET PAVLVS WENDLAND	TYPIS ET IMPENSIS GEORGII REIMERI	MCMII
tlg0018.tlg026	tlg0018.tlg026.opp-grc1	PHILONIS ALEXANDRINI OPERA QVAE SVPERSVNT	LEOPOLDVS COHN ET PAVLVS WENDLAND	LEOPOLDVS COHN ET PAVLVS WENDLAND	TYPIS ET IMPENSIS GEORGII REIMERI	MCMII
tlg0018.tlg027	tlg0018.tlg027.opp-grc1	PHILONIS ALEXANDRINI OPERA QVAE SVPERSVNT	LEOPOLDVS COHN ET PAVLVS WENDLAND	LEOPOLDVS COHN ET PAVLVS WENDLAND	TYPIS ET IMPENSIS GEORGII REIMERI	MCMII
tlg0018.tlg028	tlg0018.tlg028.opp-grc1	PHILONIS ALEXANDRINI OPERA QVAE SVPERSVNT	LEOPOLDVS COHN ET PAVLVS WENDLAND	LEOPOLDVS COHN ET PAVLVS WENDLAND	TYPIS ET IMPENSIS GEORGII REIMERI	MCMII
tlg0018.tlg029	tlg0018.tlg029.opp-grc1	PHILONIS ALEXANDRINI OPERA QVAE SVPERSVNT	LEOPOLDVS COHN ET PAVLVS WENDLAND	LEOPOLDVS COHN ET PAVLVS WENDLAND	TYPIS ET IMPENSIS GEORGII REIMERI	MCMII
tlg0018.tlg030	tlg0018.tlg030.opp-grc1	PHILONIS ALEXANDRINI OPERA QVAE SVPERSVNT	LEOPOLDVS COHN ET PAVLVS WENDLAND	LEOPOLDVS COHN ET PAVLVS WENDLAND	TYPIS ET IMPENSIS GEORGII REIMERI	MCMII
tlg0018.tlg031	tlg0018.tlg031.opp-grc1	PHILONIS ALEXANDRINI OPERA QVAE SVPERSVNT	LEOPOLDVS COHN ET PAVLVS WENDLAND	LEOPOLDVS COHN ET PAVLVS WENDLAND	TYPIS ET IMPENSIS GEORGII REIMERI	MCMII
tlg0363.tlg007	tlg0363.tlg007.opp-grc2	CLAVDII PTOLEMAEI	F. BOLL† ET Æ. BOER	F. BOLL† ET Æ. BOER	IN AEDIBVS B.G. TEVBNERI	MCMLIV
tlg0527.tlg030.edition	tlg0527.tlg034.opp-grc1	ECCLESIASTICUS	J. H. A. HART, M.A.	J. H. A. HART, M.A.	Cambridge	1909
tlg0527.tlg048.opp-eng2	tlg0527.tlg048.opp-eng2	THE BOOK OF ISAIAH	R. R. OTTLEY, M.A.	R. R. OTTLEY, M.A.	C. J. Clay and Sons Cambridge University Press Warehouse Ave Maria Lane	1904
tlg0527.tlg048.opp-grc2	tlg0527.tlg048.opp-grc2	THE BOOK OF ISAIAH	R. R. OTTLEY, M.A.	R. R. OTTLEY, M.A.	C. J. Clay and Sons Cambridge University Press Warehouse Ave Maria Lane	1904
tlg0544.tlg001	tlg0544.tlg001.opp-grc1	SEXTI EMPIRICI OPERA	HERMANNUS MUTSCHMANN	HERMANNUS MUTSCHMANN	IN AEDIBUS B. G. TEUBNERI	MCMXII
tlg0544.tlg002	tlg0544.tlg002.opp-grc1	SEXTI EMPIRICI OPERA	HERMANNUS MUTSCHMANN	HERMANNUS MUTSCHMANN	IN AEDIBUS B. G. TEUBNERI	MCMXII
tlg0544.UNKNOWN-1	tlg0544.In fine codices (excepto Μ) addunt	SEXTI EMPIRICI OPERA	HERMANNUS MUTSCHMANN	HERMANNUS MUTSCHMANN	IN AEDIBUS B. G. TEUBNERI	MCMXII
tlg0544.UNKNOWN-2	tlg0544.Specimen Translationis latinae	SEXTI EMPIRICI OPERA	HERMANNUS MUTSCHMANN	HERMANNUS MUTSCHMANN	IN AEDIBUS B. G. TEUBNERI	MCMXII
tlg0615.tlg001	tlg0615.tlg001.opp-grc1	In Ethica Nicomachea quae supersunt commentaria	Aspasius	Gustavus Heylbut	Berolini: Typis et Impensis G. Reimeri	1889
tlg0732.tlg004.opp-grc1	tlg0732.tlg004.opp-grc1	In Aristotelis Metaphysica Commentaria	Alexander Aphrodisiensis	Michael Hayduck	Berolini: Typis et Impensis G. Reimeri	1891
tlg0732.tlg005.opp-grc1	tlg0732.tlg005.opp-grc1	In Aristotelis analyticorum priorum librum I commentarium	Alexander Aphrodisiensis	Maximilianus Wallies	Berolini: Typis et Impensis G. Reimeri	1883
tlg0732.tlg006.opp-grc1	tlg0732.tlg006.opp-grc1	In Aristotelis topicorum libros octo commentaria	Alexander Aphrodisiensis	Maximilianus Wallies	Berolini: Typis et Impensis G. Reimeri	1891
tlg0732.tlg007.opp-grc1	tlg0732.tlg007.opp-grc1	In librum de sensu commentarium	Alexander Aphrodisiensis	Paulus Wendland	Berolini: Typis et Impensis G. Reimeri	1901
tlg0732.tlg008.opp-grc1	tlg0732.tlg008.opp-grc1	In Aristotelis metereologicorum libros commentarium	Alexander Aphrodisiensis	Michael Hayduck	Berolini: Typis et Impensis G. Reimeri	1899
tlg0732.tlgX01.opp-grc1	tlg0732.tlgX01.opp-grc1	Quod fertur in Aristotelis sophisticos elenchos commentarium	Alexander Aphrodisiensis	Maximilianus Wallies	Berolini: Typis et Impensis G. Reimeri	1898
tlg1551.tlg001	tlg1551.tlg001.opp-grc1	DIE ORACULA SIBYLLINA	DR. JOH. GEFFCHEN	DR. JOH. GEFFCHEN	J. C. HINRICHS'SCHE BECHHANDLUNG	1902
tlg2001.tlg038	tlg2001.tlg038.opp-grc1	COMMENTARIA IN ARISTOTELEM GRAECA	MAXIMILIANUS WALLIES	MAXIMILIANUS WALLIES	TYPIS ET IMPENSIS GEORGII REIMERI	MCM
tlg2001.tlg039	tlg2001.tlg039.opp-grc1	COMMENTARIA IN ARISTOTELEM GRAECA	MAXIMILIANUS WALLIES	MAXIMILIANUS WALLIES	TYPIS ET IMPENSIS GEORGII REIMERI	MCM
tlg2001.tlg040	tlg2001.tlg040.opp-grc1	COMMENTARIA IN ARISTOTELEM GRAECA	MAXIMILIANUS WALLIES	MAXIMILIANUS WALLIES	TYPIS ET IMPENSIS GEORGII REIMERI	MCM
tlg2018.tlg001		EUSEBII CAESARIENSIS OPERA.	GUILIELMUS DINDORFIUS.	GUILIELMUS DINDORFIUS.	IN AEDIBUS B. G. TEUBNERI.	MDCCCLXVII.
tlg2018.tlg002		EUSEBII CAESARIENSIS OPERA.	GUILIELMUS DINDORFIUS.	GUILIELMUS DINDORFIUS.	IN AEDIBUS B. G. TEUBNERI	MDCCCLXXI.
tlg2018.tlg003		EUSEBII CAESARIENSIS OPERA.	GUILIELMUS DINDORFIUS.	GUILIELMUS DINDORFIUS.	IN AEDIBUS B. G. TEUBNERI	MDCCCLXXI.
tlg2018.tlg005		EUSEBII CAESARIENSIS OPERA.	GUILIEIMUS DIDNORFIUS.	GUILIEIMUS DIDNORFIUS.	IN AEDIBUS B. G. TEUBNERI.	MDCCCLXVIII.
tlg2018.tlg010		EUSEBIUS WERKE	LIC. Dr. ERICH KLOSTERMANN	LIC. Dr. ERICH KLOSTERMANN	J. C. HINRICHS'SCHE BUCHHANDLUNG	1904
tlg2018.tlg011		EUSEBIUS WERKE	LIC. Dr. ERICH KLOSTERMANN	LIC. Dr. ERICH KLOSTERMANN	J. C. HINRICHS'SCHE BUCHHANDLUNG	1904
tlg2018.tlg012		EUSEBIUS WERKE VIERTER BAND GEGEN MARCELL ÜBER DIE KIRCHLICHE THEOLOGIE DIE FRAGMENTE MARCELLS	RICHARDUS FOERSTER.	Professor Lic. Dr. ERICH KLOSTERMANN	J. C. HINRICHS'sche BUCHHANDLUNG	1906
tlg2018.tlg012a		EUSEBIUS WERKE VIERTER BAND GEGEN MARCELL ÜBER DIE KIRCHLICHE THEOLOGIE DIE FRAGMENTE MARCELLS	RICHARDUS FOERSTER.	Professor Lic. Dr. ERICH KLOSTERMANN	J. C. HINRICHS'sche BUCHHANDLUNG	1906
tlg2018.tlg02		EUSEBIUS WERKE	DR. IVAR A. HEIKEL	DR. IVAR A. HEIKEL	J.C.HINRICHS'SCHE BUCHHANDLUNG	1902
tlg2018.tlg020		EUSEBIUS WERKE	DR. IVAR A. HEIKEL	DR. IVAR A. HEIKEL	J.C.HINRICHS'SCHE BUCHHANDLUNG	1902
tlg2018.tlg020a		EUSEBIUS WERKE	DR. IVAR A. HEIKEL	DR. IVAR A. HEIKEL	J.C.HINRICHS'SCHE BUCHHANDLUNG	1902
tlg2018.tlg021a		EUSEBIUS WERKE	DR. IVAR A. HEIKEL	DR. IVAR A. HEIKEL	J.C.HINRICHS'SCHE BUCHHANDLUNG	1902
tlg2018.tlg022		EUSEBIUS WERKE	DR. IVAR A. HEIKEL	DR. IVAR A. HEIKEL	J.C.HINRICHS'SCHE BUCHHANDLUNG	1902
tlg2018.tlg02a		EUSEBIUS WERKE	DR. IVAR A. HEIKEL	DR. IVAR A. HEIKEL	J.C.HINRICHS'SCHE BUCHHANDLUNG	1902
tlg2021.001letters		EPIPHANIUS	D.DR. KARL HOLL	D.DR. KARL HOLL	J. C. HINRICHS'SCHE BUCHHANDLUNG	1915
tlg2021.tlg001		EPIPHANIUS	D.DR. KARL HOLL	D.DR. KARL HOLL	J. C. HINRICHS'SCHE BUCHHANDLUNG	1915
tlg2021.tlg002		EPIPHANIUS	D.DR. KARL HOLL	D.DR. KARL HOLL	J. C. HINRICHS'SCHE BUCHHANDLUNG	1915
tlg2021.tlg003		EPIPHANIUS	D.DR. KARL HOLL	D.DR. KARL HOLL	J. C. HINRICHS'SCHE BUCHHANDLUNG	1915
tlg2021.vita		EPIPHANIUS	D.DR. KARL HOLL	D.DR. KARL HOLL	J. C. HINRICHS'SCHE BUCHHANDLUNG	1915
tlg2022.tlg003		CHRISTUS PATIENS	DR. J. G. BRAMBS.	DR. J. G. BRAMBS.	IN AEDIBUS B. G. TEUBNERI.	MDCCCLXXXV.
tlg2022.tlg007		THE FIVE THEOLOGICAL ORATIONS OF GREGORY OF NAZIANZUS	ARTHUR JAMES MASON, D.D.	ARTHUR JAMES MASON, D.D.	AT THE UNIVERSITY PRESS.	1899
tlg2022.tlg008		THE FIVE THEOLOGICAL ORATIONS OF GREGORY OF NAZIANZUS	ARTHUR JAMES MASON, D.D.	ARTHUR JAMES MASON, D.D.	AT THE UNIVERSITY PRESS.	1899
tlg2022.tlg009		THE FIVE THEOLOGICAL ORATIONS OF GREGORY OF NAZIANZUS	ARTHUR JAMES MASON, D.D.	ARTHUR JAMES MASON, D.D.	AT THE UNIVERSITY PRESS.	1899
tlg2022.tlg010		THE FIVE THEOLOGICAL ORATIONS OF GREGORY OF NAZIANZUS	ARTHUR JAMES MASON, D.D.	ARTHUR JAMES MASON, D.D.	AT THE UNIVERSITY PRESS.	1899
tlg2022.tlg011		THE FIVE THEOLOGICAL ORATIONS OF GREGORY OF NAZIANZUS	ARTHUR JAMES MASON, D.D.	ARTHUR JAMES MASON, D.D.	AT THE UNIVERSITY PRESS.	1899
tlg2034.tlg006		COMENTARIA IN ARISTOTELEM GRAECA	ADOLFUS BUSSE	ADOLFUS BUSSE	TYPIS ET IMPENSIS GEORGII REIMERI	MDCCCLXXXVII.
tlg2034.tlg007		COMENTARIA IN ARISTOTELEM GRAECA	ADOLFUS BUSSE	ADOLFUS BUSSE	TYPIS ET IMPENSIS GEORGII REIMERI	MDCCCLXXXVII.
tlg2036.tlg001.opp-grc1		In Aristotelis Categorias Commentarium	Dexippus	Adolfus Busse	Berolini: Typis et Impensis G. Reimeri	1888
tlg2041.tlg001		EUSEBIUS WERKE VIERTER BAND GEGEN MARCELL ÜBER DIE KIRCHLICHE THEOLOGIE DIE FRAGMENTE MARCELLS	RICHARDUS FOERSTER.	Professor Lic. Dr. ERICH KLOSTERMANN	J. C. HINRICHS'sche BUCHHANDLUNG	1906
tlg2042.tlg005		ORIGENES WERKE	LIC. DR. ERWIN PREUSHEN	LIC. DR. ERWIN PREUSHEN	J. C. HINRICH'S SCHE BUCHHANDLUNG	1903
tlg2042.tlg006		ORIGENES WERKE	LIC. DR. ERWIN PREUSHEN	LIC. DR. ERWIN PREUSHEN	J. C. HINRICH'S SCHE BUCHHANDLUNG	1903
tlg2042.tlg009		ORIGENES WERKE	DR. ERICH KLOSTERMANN	DR. ERICH KLOSTERMANN	J. C. HINRICHS'SCHE BUCHHANDLUNG	1901
tlg2042.tlg010		ORIGENES WERKE	DR. ERICH KLOSTERMANN	DR. ERICH KLOSTERMANN	J. C. HINRICHS'SCHE BUCHHANDLUNG	1901
tlg2042.tlg011		ORIGENES WERKE	DR. ERICH KLOSTERMANN	DR. ERICH KLOSTERMANN	J. C. HINRICHS'SCHE BUCHHANDLUNG	1901
tlg2042.tlg012		ORIGENES WERKE	DR. ERICH KLOSTERMANN	DR. ERICH KLOSTERMANN	J. C. HINRICHS'SCHE BUCHHANDLUNG	1901
tlg2042.tlg013		ORIGENES WERKE	DR. ERICH KLOSTERMANN	DR. ERICH KLOSTERMANN	J. C. HINRICHS'SCHE BUCHHANDLUNG	1901
tlg2042.tlg014		ORIGENES WERKE	DR. ERICH KLOSTERMANN	DR. ERICH KLOSTERMANN	J. C. HINRICHS'SCHE BUCHHANDLUNG	1901
tlg2042.tlg016		ORIGENES WERKE	DR. MAX RAUER	DR. MAX RAUER	J. C. HINRICHS'SCHE BUCHHANDLUNG	1930
tlg2042.tlg017		ORIGENES WERKE	DR. MAX RAUER	DR. MAX RAUER	J. C. HINRICHS'SCHE BUCHHANDLUNG	1930
tlg2042.tlg021		ORIGENES WERKE	DR. ERICH KLOSTERMANN	DR. ERICH KLOSTERMANN	J. C. HINRICHS'SCHE BUCHHANDLUNG	1901
tlg2042.tlg028		ORIGENES WERKE	D.DR. ERICH KLOSTERMANN	D.DR. ERICH KLOSTERMANN	J. C. HINRICHS'SCHE BUCHHANDLUNG	1933
tlg2042.tlg029		ORIGENES WERKE	D. DR. ERICH KLOSTERMANN	D. DR. ERICH KLOSTERMANN	J. C. HINRICHS'SCHE BUCHHANDLUNG	1935
tlg2042.tlg030		ORIGENES WERKE	D. DR. ERICH KLOSTERMANN	D. DR. ERICH KLOSTERMANN	J. C. HINRICHS'SCHE BUCHHANDLUNG	1935
tlg2042.tlg084		ORIGENES WERKE	DR. ERICH KLOSTERMANN	DR. ERICH KLOSTERMANN	J. C. HINRICHS'SCHE BUCHHANDLUNG	1901
tlg2115.tlg060		HIPPOLYTUS WERKE	D. Dr. PAUL WENDLAND	D. Dr. PAUL WENDLAND	J. C. HINRICHS'sche BUCHHANDLUNG	1916
tlg2200.tlg00401		Orationes I-V	Libanius	Richardus Foerster	In Aedibus B.G. Teubneri	1903
tlg2200.tlg00402		Orationes I-V	Libanius	Richardus Foerster	In Aedibus B.G. Teubneri	1903
tlg2200.tlg00403		Orationes I-V	Libanius	Richardus Foerster	In Aedibus B.G. Teubneri	1903
tlg2200.tlg00404		Orationes I-V	Libanius	Richardus Foerster	In Aedibus B.G. Teubneri	1903
tlg2200.tlg00405		Orationes I-V	Libanius	Richardus Foerster	In Aedibus B.G. Teubneri	1903
tlg2200.tlg00406		Orationes I-V	Libanius	Richardus Foerster	In Aedibus B.G. Teubneri	1903
tlg2200.tlg00407		Orationes I-V	Libanius	Richardus Foerster	In Aedibus B.G. Teubneri	1903
tlg2200.tlg00408		Orationes I-V	Libanius	Richardus Foerster	In Aedibus B.G. Teubneri	1903
tlg2200.tlg00409		Orationes I-V	Libanius	Richardus Foerster	In Aedibus B.G. Teubneri	1903
tlg2200.tlg00410		Orationes I-V	Libanius	Richardus Foerster	In Aedibus B.G. Teubneri	1903
tlg2200.tlg00411		Orationes I-V	Libanius	Richardus Foerster	In Aedibus B.G. Teubneri	1903
tlg2200.tlg00426		Orationes XXVI-L	Libanius	Richardus Foerster	In Aedibus B.G. Teubneri	1906
tlg2200.tlg00427		Orationes XXVI-L	Libanius	Richardus Foerster	In Aedibus B.G. Teubneri	1906
tlg2200.tlg00428		Orationes XXVI-L	Libanius	Richardus Foerster	In Aedibus B.G. Teubneri	1906
tlg2200.tlg00429		Orationes XXVI-L	Libanius	Richardus Foerster	In Aedibus B.G. Teubneri	1906
tlg2200.tlg00430		Orationes XXVI-L	Libanius	Richardus Foerster	In Aedibus B.G. Teubneri	1906
tlg2200.tlg00431		Orationes XXVI-L	Libanius	Richardus Foerster	In Aedibus B.G. Teubneri	1906
tlg2200.tlg00432		Orationes XXVI-L	Libanius	Richardus Foerster	In Aedibus B.G. Teubneri	1906
tlg2200.tlg00433		Orationes XXVI-L	Libanius	Richardus Foerster	In Aedibus B.G. Teubneri	1906
tlg2200.tlg00434		Orationes XXVI-L	Libanius	Richardus Foerster	In Aedibus B.G. Teubneri	1906
tlg2200.tlg00435		Orationes XXVI-L	Libanius	Richardus Foerster	In Aedibus B.G. Teubneri	1906
tlg2200.tlg00436		Orationes XXVI-L	Libanius	Richardus Foerster	In Aedibus B.G. Teubneri	1906
tlg2200.tlg00437		Orationes XXVI-L	Libanius	Richardus Foerster	In Aedibus B.G. Teubneri	1906
tlg2200.tlg00438		Orationes XXVI-L	Libanius	Richardus Foerster	In Aedibus B.G. Teubneri	1906
tlg2200.tlg00439		Orationes XXVI-L	Libanius	Richardus Foerster	In Aedibus B.G. Teubneri	1906
tlg2200.tlg00440		Orationes XXVI-L	Libanius	Richardus Foerster	In Aedibus B.G. Teubneri	1906
tlg2200.tlg00441		Orationes XXVI-L	Libanius	Richardus Foerster	In Aedibus B.G. Teubneri	1906
tlg2200.tlg00442		Orationes XXVI-L	Libanius	Richardus Foerster	In Aedibus B.G. Teubneri	1906
tlg2200.tlg00443		Orationes XXVI-L	Libanius	Richardus Foerster	In Aedibus B.G. Teubneri	1906
tlg2200.tlg00444		Orationes XXVI-L	Libanius	Richardus Foerster	In Aedibus B.G. Teubneri	1906
tlg2200.tlg00445		Orationes XXVI-L	Libanius	Richardus Foerster	In Aedibus B.G. Teubneri	1906
tlg2200.tlg00446		Orationes XXVI-L	Libanius	Richardus Foerster	In Aedibus B.G. Teubneri	1906
tlg2200.tlg00447		Orationes XXVI-L	Libanius	Richardus Foerster	In Aedibus B.G. Teubneri	1906
tlg2200.tlg00448		Orationes XXVI-L	Libanius	Richardus Foerster	In Aedibus B.G. Teubneri	1906
tlg2200.tlg00449		Orationes XXVI-L	Libanius	Richardus Foerster	In Aedibus B.G. Teubneri	1906
tlg2200.tlg00450		Orationes XXVI-L	Libanius	Richardus Foerster	In Aedibus B.G. Teubneri	1906
tlg2200.tlg00451		Orationes LI-LXIV	Libanius	Richardus Foerster	In Aedibus B.G. Teubneri	1908
tlg2200.tlg00452		Orationes LI-LXIV	Libanius	Richardus Foerster	In Aedibus B.G. Teubneri	1908
tlg2200.tlg00453		Orationes LI-LXIV	Libanius	Richardus Foerster	In Aedibus B.G. Teubneri	1908
tlg2200.tlg00454		Orationes LI-LXIV	Libanius	Richardus Foerster	In Aedibus B.G. Teubneri	1908
tlg2200.tlg00455		Orationes LI-LXIV	Libanius	Richardus Foerster	In Aedibus B.G. Teubneri	1908
tlg2200.tlg00456		Orationes LI-LXIV	Libanius	Richardus Foerster	In Aedibus B.G. Teubneri	1908
tlg2200.tlg00457		Orationes LI-LXIV	Libanius	Richardus Foerster	In Aedibus B.G. Teubneri	1908
tlg2200.tlg00458		Orationes LI-LXIV	Libanius	Richardus Foerster	In Aedibus B.G. Teubneri	1908
tlg2200.tlg00459		Orationes LI-LXIV	Libanius	Richardus Foerster	In Aedibus B.G. Teubneri	1908
tlg2200.tlg00460		Orationes LI-LXIV	Libanius	Richardus Foerster	In Aedibus B.G. Teubneri	1908
tlg2200.tlg00461		Orationes LI-LXIV	Libanius	Richardus Foerster	In Aedibus B.G. Teubneri	1908
tlg2200.tlg00462		Orationes LI-LXIV	Libanius	Richardus Foerster	In Aedibus B.G. Teubneri	1908
tlg2200.tlg00463		Orationes LI-LXIV	Libanius	Richardus Foerster	In Aedibus B.G. Teubneri	1908
tlg2200.tlg00464		Orationes LI-LXIV	Libanius	Richardus Foerster	In Aedibus B.G. Teubneri	1908
tlg2200.tlg00501		Declamationes I-XII	Libanius	Richardus Foerster	In Aedibus B.G. Teubneri	1909
tlg2200.tlg00502		Declamationes I-XII	Libanius	Richardus Foerster	In Aedibus B.G. Teubneri	1909
tlg2200.tlg00503		Declamationes I-XII	Libanius	Richardus Foerster	In Aedibus B.G. Teubneri	1909
tlg2200.tlg00504		Declamationes I-XII	Libanius	Richardus Foerster	In Aedibus B.G. Teubneri	1909
tlg2200.tlg00505		Declamationes I-XII	Libanius	Richardus Foerster	In Aedibus B.G. Teubneri	1909
tlg2200.tlg00506		Declamationes I-XII	Libanius	Richardus Foerster	In Aedibus B.G. Teubneri	1909
tlg2200.tlg00507		Declamationes I-XII	Libanius	Richardus Foerster	In Aedibus B.G. Teubneri	1909
tlg2200.tlg00508		Declamationes I-XII	Libanius	Richardus Foerster	In Aedibus B.G. Teubneri	1909
tlg2200.tlg00509		Declamationes I-XII	Libanius	Richardus Foerster	In Aedibus B.G. Teubneri	1909
tlg2200.tlg00510		Declamationes I-XII	Libanius	Richardus Foerster	In Aedibus B.G. Teubneri	1909
tlg2200.tlg00511		Declamationes I-XII	Libanius	Richardus Foerster	In Aedibus B.G. Teubneri	1909
tlg2200.tlg00512		Declamationes I-XII	Libanius	Richardus Foerster	In Aedibus B.G. Teubneri	1909
tlg2200.tlg00513		Orationes XIII-XXX	Libanius	Richardus Foerster	In Aedibus B. G. Teubneri	1911
tlg2200.tlg00514		Orationes XIII-XXX	Libanius	Richardus Foerster	In Aedibus B. G. Teubneri	1911
tlg2200.tlg00515		Orationes XIII-XXX	Libanius	Richardus Foerster	In Aedibus B. G. Teubneri	1911
tlg2200.tlg00516		Orationes XIII-XXX	Libanius	Richardus Foerster	In Aedibus B. G. Teubneri	1911
tlg2200.tlg00517		Orationes XIII-XXX	Libanius	Richardus Foerster	In Aedibus B. G. Teubneri	1911
tlg2200.tlg00518		Orationes XIII-XXX	Libanius	Richardus Foerster	In Aedibus B. G. Teubneri	1911
tlg2200.tlg00519		Orationes XIII-XXX	Libanius	Richardus Foerster	In Aedibus B. G. Teubneri	1911
tlg2200.tlg00520		Orationes XIII-XXX	Libanius	Richardus Foerster	In Aedibus B. G. Teubneri	1911
tlg2200.tlg00521		Orationes XIII-XXX	Libanius	Richardus Foerster	In Aedibus B. G. Teubneri	1911
tlg2200.tlg00522		Orationes XIII-XXX	Libanius	Richardus Foerster	In Aedibus B. G. Teubneri	1911
tlg2200.tlg00523		Orationes XIII-XXX	Libanius	Richardus Foerster	In Aedibus B. G. Teubneri	1911
tlg2200.tlg00524		Orationes XIII-XXX	Libanius	Richardus Foerster	In Aedibus B. G. Teubneri	1911
tlg2200.tlg00525		Orationes XIII-XXX	Libanius	Richardus Foerster	In Aedibus B. G. Teubneri	1911
tlg2200.tlg00526		Orationes XIII-XXX	Libanius	Richardus Foerster	In Aedibus B. G. Teubneri	1911
tlg2200.tlg00527		Orationes XIII-XXX	Libanius	Richardus Foerster	In Aedibus B. G. Teubneri	1911
tlg2200.tlg00528		Orationes XIII-XXX	Libanius	Richardus Foerster	In Aedibus B. G. Teubneri	1911
tlg2200.tlg00529		Orationes XIII-XXX	Libanius	Richardus Foerster	In Aedibus B. G. Teubneri	1911
tlg2200.tlg00530		Orationes XIII-XXX	Libanius	Richardus Foerster	In Aedibus B. G. Teubneri	1911
tlg2200.tlg00531		Declamationes XXXI-LI	Libanius	Richardus Foerster	In Aedibus B. G. Teubneri	1913
tlg2200.tlg00532		Declamationes XXXI-LI	Libanius	Richardus Foerster	In Aedibus B. G. Teubneri	1913
tlg2200.tlg00533		Declamationes XXXI-LI	Libanius	Richardus Foerster	In Aedibus B. G. Teubneri	1913
tlg2200.tlg00534		Declamationes XXXI-LI	Libanius	Richardus Foerster	In Aedibus B. G. Teubneri	1913
tlg2200.tlg00535		Declamationes XXXI-LI	Libanius	Richardus Foerster	In Aedibus B. G. Teubneri	1913
tlg2200.tlg00536		Declamationes XXXI-LI	Libanius	Richardus Foerster	In Aedibus B. G. Teubneri	1913
tlg2200.tlg00537		Declamationes XXXI-LI	Libanius	Richardus Foerster	In Aedibus B. G. Teubneri	1913
tlg2200.tlg00538		Declamationes XXXI-LI	Libanius	Richardus Foerster	In Aedibus B. G. Teubneri	1913
tlg2200.tlg00539		Declamationes XXXI-LI	Libanius	Richardus Foerster	In Aedibus B. G. Teubneri	1913
tlg2200.tlg00540		Declamationes XXXI-LI	Libanius	Richardus Foerster	In Aedibus B. G. Teubneri	1913
tlg2200.tlg00541		Declamationes XXXI-LI	Libanius	Richardus Foerster	In Aedibus B. G. Teubneri	1913
tlg2200.tlg00542		Declamationes XXXI-LI	Libanius	Richardus Foerster	In Aedibus B. G. Teubneri	1913
tlg2200.tlg00543		Declamationes XXXI-LI	Libanius	Richardus Foerster	In Aedibus B. G. Teubneri	1913
tlg2200.tlg00544		Declamationes XXXI-LI	Libanius	Richardus Foerster	In Aedibus B. G. Teubneri	1913
tlg2200.tlg00545		Declamationes XXXI-LI	Libanius	Richardus Foerster	In Aedibus B. G. Teubneri	1913
tlg2200.tlg00546		Declamationes XXXI-LI	Libanius	Richardus Foerster	In Aedibus B. G. Teubneri	1913
tlg2200.tlg00547		Declamationes XXXI-LI	Libanius	Richardus Foerster	In Aedibus B. G. Teubneri	1913
tlg2200.tlg00548		Declamationes XXXI-LI	Libanius	Richardus Foerster	In Aedibus B. G. Teubneri	1913
tlg2200.tlg00549		Declamationes XXXI-LI	Libanius	Richardus Foerster	In Aedibus B. G. Teubneri	1913
tlg2200.tlg00550		Declamationes XXXI-LI	Libanius	Richardus Foerster	In Aedibus B. G. Teubneri	1913
tlg2200.tlg00551		Declamationes XXXI-LI	Libanius	Richardus Foerster	In Aedibus B. G. Teubneri	1913
tlg2200.tlg008		Fasc. I. Libanii Qui Feruntur Characteres Epistolici Prolegomena ad Epistulas	Libanius	Richardus Foerster	Georg Olms Verlagsbuchhandlung	1963
tlg2371.tlg001		CORPUS SCRIPTORUM HISTORIAE BYZANTINAE.	B. G. NIEBUHRII C. F.	B. G. NIEBUHRII C. F.	IMPENSIS ED. WEBERI	MDCCCXXXII.
tlg2703.tlg001		ANNAE COMNENAE	AUGUSTUS REIFFERSCHEIDII	AUGUSTUS REIFFERSCHEIDII	IN AEDIBUS B. G. TEUBNERI	MDCCCLXXXIV
tlg2768.tlg001		GELASIUS KIRCHENGESCHICHTE	DR. MARGRET HEINEMANN	DR. MARGRET HEINEMANN	J. C. HINRICHS'SCHE BUCHHANDLUNG	1918
tlg2959.tlg004		METHODIUS	D.G. NATHANAEL BONWETSCH	D.G. NATHANAEL BONWETSCH	J. C. HINRICHS'SCHE BUCHHANDLUNG	1917
tlg2959.tlg005		METHODIUS	D.G. NATHANAEL BONWETSCH	D.G. NATHANAEL BONWETSCH	J. C. HINRICHS'SCHE BUCHHANDLUNG	1917
tlg2959.tlg006		METHODIUS	D.G. NATHANAEL BONWETSCH	D.G. NATHANAEL BONWETSCH	J. C. HINRICHS'SCHE BUCHHANDLUNG	1917
tlg2959.tlg007		METHODIUS	D.G. NATHANAEL BONWETSCH	D.G. NATHANAEL BONWETSCH	J. C. HINRICHS'SCHE BUCHHANDLUNG	1917
tlg2959.tlg008		METHODIUS	D.G. NATHANAEL BONWETSCH	D.G. NATHANAEL BONWETSCH	J. C. HINRICHS'SCHE BUCHHANDLUNG	1917
tlg2959.tlg010		METHODIUS	D.G. NATHANAEL BONWETSCH	D.G. NATHANAEL BONWETSCH	J. C. HINRICHS'SCHE BUCHHANDLUNG	1917
tlg3135.tlg001.opp-grc2		IOANNIS ZONARAE EPITOME HISTORIARUM.	LUDOVICUS DINDORFIUS.	LUDOVICUS DINDORFIUS.	IN AEDIBUS B. G. TEUBNERI.	1869
tlg3135.tlg001.opp-grc3		IOANNIS ZONARAE EPITOME HISTORIARUM	LUDOVICUS DINDORFIUS.	LUDOVICUS DINDORFIUS.	IN AEDIBUS Β. G. TEUBNERI.	1868
tlg4013.tlg001		COMMENTARIA IN ARISTOTELEM GRAECA	I.L. HEIBERG	I.L. HEIBERG	TYPIS ET IMPENSIS GEORGII REIMERI	MDCCCLXXXXIII.
tlg4013.tlg003		COMENTARIA IN ARISTOTELEM GRAECA	CAROLUS KALBFLEISCH	CAROLUS KALBFLEISCH	TYPIS ET IMPENSIS GEORGII REIMERI	MCMVII
tlg4013.tlg004		In Physicorum Libros Quattuor Priores	Simplicius	Hermannus Diels	Berolini: Typis et Impensis G. Reimeri	1882
tlg4013.tlg004		COMMENTARIA IN ARISTOTELEM GRAECA	HERMANNUS DIELS	HERMANNUS DIELS	TYPIS ET IMPENSIS GEORGH REIMERI	MDCCCLXXXXV
tlg4013.tlg005		COMMENTARIA IN ARISTOTELEM GRAECA	MICHAEL HAYDUCK	MICHAEL HAYDUCK	TYPIS ET IMPENSIS G. REIMERI	MDCCCLXXXII
tlg4015.tlg001		COMMENTARIA IN ARISTOTELEM GRAECA	ADOLFUS BUSSE	ADOLFUS BUSSE	TYPIS ET IMPENSIS GEORGII REIMERI	MDCCCLXXXXVIII
tlg4015.tlg002		COMMENTARIA IN ARISTOTELEM GRAECA	ADOLFUS BUSSE	ADOLFUS BUSSE	TYPIS ET IMPENSIS GEORGII REIMERI	MDCCCLXXXXVIII
tlg4015.tlg003		COMMENTARIA IN ARISTOTELEM GRAECA	MAXIMILLANUS WALLIES	MAXIMILLANUS WALLIES	TYIS ET IMPENSIS GEORGH REIMERI	MCMIX
tlg4015.tlg005		In Aristotelis meteorologicorum librum primum commentarium	John Philoponus	Michael Hayduck	Berolini: Typis et Impensis G. Reimeri	1901
tlg4015.tlg008		COMMENTARIA IN ARISTOTELEM GRAECA	MICHAEL HAYDUCK	MICHAEL HAYDUCK	TYPIS ET IMPENSIS GEORGII REIMERI	MDCCCLXXXXVII
tlg4015.tlg009		COMENTARIA IN ARISTOTELEM GRAECA	HIERONYMUS VITELLI	HIERONYMUS VITELLI	TYPIS ET IMPENSIS GEORGII REIMERI	MDCCCLXXXVII.
tlg4016.tlg001		In Aristotelis Categorias Commentarium	Dexippus	Adolfus Busse	Berolini: Typis et Impensis G. Reimeri	1888
tlg4016.tlg002		In Aristotelis Categorias Commentarium	Dexippus	Adolfus Busse	Berolini: Typis et Impensis G. Reimeri	1888
tlg4016.tlg003		In Aristotelis Categorias Commentarium	Dexippus	Adolfus Busse	Berolini: Typis et Impensis G. Reimeri	1888
tlg4016.tlg004		In Aristotelis Categorias Commentarium	Dexippus	Adolfus Busse	Berolini: Typis et Impensis G. Reimeri	1888
tlg4017.tlg001		COMMENTARIA IN ARISTOTELEM GRAECA	GUILELMUS KROLL	GUILELMUS KROLL	TYPIS ET IMPENSIS GEORGII REIMERI	MCMII
tlg4018.tlg001		COMMENTARIA IN ARISTOTELEM GRAECA	GUILELMUS KROLL	GUILELMUS KROLL	TYPIS ET IMPENSIS GEORGII REIMERI	MCMII
tlg4019.tlg001		COMMENTARIA IN ARISTOTELEM GRAECA	ADOLFUS BUSSE	ADOLFUS BUSSE	IN AEDIBUS B. G. TEUBNERI	MDCCCLXVII
tlg4019.tlg003		COMMENTARIA IN ARISTOTELEM GRAECA	ADOLFUS BUSSE	ADOLFUS BUSSE	IN AEDIBUS B. G. TEUBNERI	MDCCCLXVII
tlg4020.tlg001		COMMENTARIA IN ARISTOTELEM GRAECA	ADOLFUS BUSSE	ADOLFUS BUSSE	TYPIS ET IMPENSIS GEORGII REIMERI	MCM
tlg4021.tlg002		COMMENTARIA IN ARISTOTELEM GRAECA	ADOLFUS BUSSE	ADOLFUS BUSSE	TYPIS ET IMPENSIS GEORGII REIMERI	MCM
tlg4024.tlg001		CORPUS SCRIPTORUM HISTORIAE	B. G. NIEBUHRII C.F.	B. G. NIEBUHRII C.F.	IN AEDIBUS B. G. TEUBNERI	MDCCCLXVII
tlg4027.tlg001.opp.grc1		In libros de anima paraphrasis	Sophonias	Michael Hayduck	Berolini: Typis et Impensis G. Reimeri	1883-1884
tlg4030.tlg001.opp-grc1		In libros de anima paraphrasis	Sophonias	Michael Hayduck	Berolini: Typis et Impensis G. Reimeri	1883-1884
tlg4031.tlg002		COMMENTARIA IN ARISTOTELEM GRAECA	GUSTAVUS HEYLBUT	GUSTAVUS HEYLBUT	TYPIS ET IMPENSIS GEORGII BEIMERI	MDCCCLXXXXII
tlg4033.tlg003		In Ethica Nicomachea quae supersunt commentaria	Aspasius	Gustavus Heylbut	Berolini: Typis et Impensis G. Reimeri	1889
tlg4034.tlg002.opp-grc1		In parva naturalia commentaria	Michael Ephesius	Paulus Wendland	Berolini: Typis et Impensis G. Reimeri	1903
tlg4034.tlg003		In parva naturalia commentaria	Michael Ephesius	Paulus Wendland	Berolini: Typis et Impensis G. Reimeri	1903
tlg4034.tlg006		In parva naturalia commentaria	Michael Ephesius	Paulus Wendland	Berolini: Typis et Impensis G. Reimeri	1903
tlg4036.tlg001		PROCLUS DIADOCHUS	GVILELMVS KROLL	GVILELMVS KROLL	IN AEDIBVS B. G. TEVBNERI	MCMI
tlg4089.tlg003		THEODORET KIRCHENGESCHICHTE	DR. LÉON PARMENTIER	DR. LÉON PARMENTIER	J.C. HINRICHS'SCHE BUCHHANDLUNG	1911
tlg4102.tlg001		In Evangelia S. Matthaei et S. Marci	None	John Anthony Cramer	E Typographeo Academico	1844
tlg4102.tlg002		In Evangelia S. Matthaei et S. Marci	None	John Anthony Cramer	E Typographeo Academico	1844
tlg4102.tlg004		In Evangelia S. Lucae et S. Joannis	None	John Anthony Cramer	E Typographeo Academico	1844
tlg4102.tlg005		In Evangelia S. Lucae et S. Joannis	None	John Anthony Cramer	E Typographeo Academico	1844
tlg4102.tlg006		In Evangelia S. Lucae et S. Joannis	None	John Anthony Cramer	E Typographeo Academico	1844
tlg4102.tlg007		In Evangelia S. Lucae et S. Joannis	None	John Anthony Cramer	E Typographeo Academico	1844
tlg4102.tlg008		In Acta SS. Apostolorum	None	John Anthony Cramer	E Typographeo Academico	1844
tlg4102.tlg010		In Epistulam S. Pauli ad Romanos	None	John Anthony Cramer	E Typographeo Academico	1844
tlg4102.tlg011		In Epistulam S. Pauli ad Romanos	None	John Anthony Cramer	E Typographeo Academico	1844
tlg4102.tlg013		In Epistolas S. Pauli ad Corinthios	None	John Anthony Cramer	E Typographeo Academico	1844
tlg4102.tlg019		In Epistolas S. Pauli ad Galatas, Ephesios, Philippenses, Colossenses, Thessalonicenses	None	John Anthony Cramer	E Typographeo Academico	1844
tlg4102.tlg020		In Epistolas S. Pauli ad Galatas, Ephesios, Philippenses, Colossenses, Thessalonicenses	None	John Anthony Cramer	E Typographeo Academico	1844
tlg4102.tlg021		In Epistolas S. Pauli ad Galatas, Ephesios, Philippenses, Colossenses, Thessalonicenses	None	John Anthony Cramer	E Typographeo Academico	1844
tlg4102.tlg022		In Epistolas S. Pauli ad Galatas, Ephesios, Philippenses, Colossenses, Thessalonicenses	None	John Anthony Cramer	E Typographeo Academico	1844
tlg4102.tlg023		In Epistolas S. Pauli ad Galatas, Ephesios, Philippenses, Colossenses, Thessalonicenses	None	John Anthony Cramer	E Typographeo Academico	1844
tlg4102.tlg024		In Epistolas S. Pauli ad Galatas, Ephesios, Philippenses, Colossenses, Thessalonicenses	None	John Anthony Cramer	E Typographeo Academico	1844
tlg4102.tlg034		In Epistolas S. Pauli ad Timotheum, Titum, Philemona, et ad Hebraeos	None	John Anthony Cramer	E Typographeo Academico	1844
tlg4102.tlg035		In Epistolas S. Pauli ad Timotheum, Titum, Philemona, et ad Hebraeos	None	John Anthony Cramer	E Typographeo Academico	1844
tlg4102.tlg036		In Epistolas S. Pauli ad Timotheum, Titum, Philemona, et ad Hebraeos	None	John Anthony Cramer	E Typographeo Academico	1844
tlg4102.tlg037		In Epistolas S. Pauli ad Timotheum, Titum, Philemona, et ad Hebraeos	None	John Anthony Cramer	E Typographeo Academico	1844
tlg4102.tlg038		In Epistolas S. Pauli ad Timotheum, Titum, Philemona, et ad Hebraeos	None	John Anthony Cramer	E Typographeo Academico	1844
tlg4102.tlg040		CATENÆ GRÆCORUM PATRUM IN NOVUM TESTAMENTUM	J. A. CRAMER, S.T.P.	J. A. CRAMER, S.T.P.	E TYPOGRAPHEO ACADEMICO.	MDCCCXL.
tlg4102.tlg041		CATENÆ GRÆCORUM PATRUM IN NOVUM TESTAMENTUM	J. A. CRAMER, S.T.P.	J. A. CRAMER, S.T.P.	E TYPOGRAPHEO ACADEMICO.	MDCCCXL.
tlg4102.tlg042		CATENÆ GRÆCORUM PATRUM IN NOVUM TESTAMENTUM	J. A. CRAMER, S.T.P.	J. A. CRAMER, S.T.P.	E TYPOGRAPHEO ACADEMICO.	MDCCCXL.
tlg4102.tlg043		CATENÆ GRÆCORUM PATRUM IN NOVUM TESTAMENTUM	J. A. CRAMER, S.T.P.	J. A. CRAMER, S.T.P.	E TYPOGRAPHEO ACADEMICO.	MDCCCXL.
tlg4102.tlg044		CATENÆ GRÆCORUM PATRUM IN NOVUM TESTAMENTUM	J. A. CRAMER, S.T.P.	J. A. CRAMER, S.T.P.	E TYPOGRAPHEO ACADEMICO.	MDCCCXL.
tlg4102.tlg045		CATENÆ GRÆCORUM PATRUM IN NOVUM TESTAMENTUM	J. A. CRAMER, S.T.P.	J. A. CRAMER, S.T.P.	E TYPOGRAPHEO ACADEMICO.	MDCCCXL.
tlg4102.tlg046		CATENÆ GRÆCORUM PATRUM IN NOVUM TESTAMENTUM	J. A. CRAMER, S.T.P.	J. A. CRAMER, S.T.P.	E TYPOGRAPHEO ACADEMICO.	MDCCCXL.
tlg4102.tlgX01		CATENÆ GRÆCORUM PATRUM IN NOVUM TESTAMENTUM	J. A. CRAMER, S.T.P.	J. A. CRAMER, S.T.P.	E TYPOGRAPHEO ACADEMICO.	MDCCCXL.
tlg4102.tlgX02		CATENÆ GRÆCORUM PATRUM IN NOVUM TESTAMENTUM	J. A. CRAMER, S.T.P.	J. A. CRAMER, S.T.P.	E TYPOGRAPHEO ACADEMICO.	MDCCCXL.
tlg4102.tlgX03		CATENÆ GRÆCORUM PATRUM IN NOVUM TESTAMENTUM	J. A. CRAMER, S.T.P.	J. A. CRAMER, S.T.P.	E TYPOGRAPHEO ACADEMICO.	MDCCCXL.
tlg4193.tlg012.opp.grc1		In libros de anima paraphrasis	Sophonias	Michael Hayduck	Berolini: Typis et Impensis G. Reimeri	1883-1884
tlg9019.tlg001		COMMENTARIA IN ARISTOTELEM GRAECA	ADOLFUS BUSSE	ADOLFUS BUSSE	TYPIS ET IMPENSIS GEORGII REIMERI	MCM
vol.		METHODIUS	D.G. NATHANAEL BONWETSCH	D.G. NATHANAEL BONWETSCH	J. C. HINRICHS'SCHE BUCHHANDLUNG	1917
vol. i		SEXTI EMPIRICI OPERA	HERMANNUS MUTSCHMANN	HERMANNUS MUTSCHMANN	IN AEDIBUS B. G. TEUBNERI	MCMXII
