Filename	URN	Suggested Full URN	Title	Author	Editor	Publisher	Publication Year
tlg0018.tlg001.xml	tlg0018.tlg001	urn:cts:greekLit:tlg0018.tlg001.opp-grc1	De Opificio Mundi	Philo Judaeus	Leopoldvs Cohn	Typis Et Impensis Georgii Reimeri	XDCCCLXXXXI
tlg0018.tlg002.xml	tlg0018.tlg002	urn:cts:greekLit:tlg0018.tlg002.opp-grc1	Legum Allegoriarum Libri I-Iii	Philo Judaeus	Leopoldvs Cohn	Typis Et Impensis Georgii Reimeri	XDCCCLXXXXI
tlg0018.tlg003.xml	tlg0018.tlg003	urn:cts:greekLit:tlg0018.tlg003.opp-grc1	De Cherubim	Philo Judaeus	Leopoldvs Cohn	Typis Et Impensis Georgii Reimeri	XDCCCLXXXXI
tlg0018.tlg004.xml	tlg0018.tlg004	urn:cts:greekLit:tlg0018.tlg004.opp-grc1	De Sacrificiis Abelis Et Caini	Philo Judaeus	Leopoldvs Cohn	Typis Et Impensis Georgii Reimeri	XDCCCLXXXXI
tlg0018.tlg005.xml	tlg0018.tlg005	urn:cts:greekLit:tlg0018.tlg005.opp-grc1	Quod Deterius Potiori Insidiari Soleat	Philo Judaeus	Leopoldvs Cohn	Typis Et Impensis Georgii Reimeri	XDCCCLXXXXI
tlg0018.tlg006.xml	tlg0018.tlg006	urn:cts:greekLit:tlg0018.tlg006.opp-grc1	De Posteritate Caini	Philo Judaeus	Leopoldvs Cohn	Typis Et Impensis Georgii Reimeri	XDCCCLXXXXI
tlg0018.tlg007.xml	tlg0018.tlg007	urn:cts:greekLit:tlg0018.tlg007.opp-grc1	De Gigantibus	Philo Judaeus	Leopoldvs Cohn	Typis Et Impensis Georgii Reimeri	XDCCCLXXXXI
tlg0018.tlg008.xml	tlg0018.tlg008	urn:cts:greekLit:tlg0018.tlg008.opp-grc1	Quod Deus Sit Immutabilis	Philo Judaeus	Leopoldvs Cohn	Typis Et Impensis Georgii Reimeri	XDCCCLXXXXI
tlg0018.tlg009.xml	tlg0018.tlg009	urn:cts:greekLit:tlg0018.tlg009.opp-grc1	De Agricultura	Philo Judaeus	Leopoldvs Cohn	Typis Et Impensis Georgii Reimeri	XDCCCLXXXXI
tlg0018.tlg010.xml	tlg0018.tlg010	urn:cts:greekLit:tlg0018.tlg010.opp-grc1	De Plantatione	Philo Judaeus	Leopoldvs Cohn	Typis Et Impensis Georgii Reimeri	XDCCCLXXXXI
tlg0018.tlg011.xml	tlg0018.tlg011	urn:cts:greekLit:tlg0018.tlg011.opp-grc1	De Ebrietate	Philo Judaeus	Leopoldvs Cohn	Typis Et Impensis Georgii Reimeri	XDCCCLXXXXI
tlg0018.tlg012.xml	tlg0018.tlg012	urn:cts:greekLit:tlg0018.tlg012.opp-grc1	De Sobrietate	Philo Judaeus	Leopoldvs Cohn	Typis Et Impensis Georgii Reimeri	XDCCCLXXXXI
tlg0018.tlg013.xml	tlg0018.tlg013	urn:cts:greekLit:tlg0018.tlg013.opp-grc1	De Confusione Linguarum	Philo Judaeus	Leopoldvs Cohn	Typis Et Impensis Georgii Reimeri	XDCCCLXXXXI
tlg0018.tlg014.xml	tlg0018.tlg014	urn:cts:greekLit:tlg0018.tlg014.opp-grc1	De Migratione Abrahami	Philo Judaeus	Leopoldvs Cohn	Typis Et Impensis Georgii Reimeri	XDCCCLXXXXI
tlg0018.tlg015.xml	tlg0018.tlg015	urn:cts:greekLit:tlg0018.tlg015.opp-grc1	Quis Rerum Divinarum Heres Sit	Philo Judaeus	Leopoldvs Cohn	Typis Et Impensis Georgii Reimeri	XDCCCLXXXXI
tlg0018.tlg016.xml	tlg0018.tlg016	urn:cts:greekLit:tlg0018.tlg016.opp-grc1	De Congressu Eruditionis Gratia	Philo Judaeus	Leopoldvs Cohn	Typis Et Impensis Georgii Reimeri	XDCCCLXXXXI
tlg0018.tlg017.xml	tlg0018.tlg017	urn:cts:greekLit:tlg0018.tlg017.opp-grc1	De Fuga Et Inventione	Philo Judaeus	Leopoldvs Cohn	Typis Et Impensis Georgii Reimeri	XDCCCLXXXXI
tlg0018.tlg018.xml	tlg0018.tlg018	urn:cts:greekLit:tlg0018.tlg018.opp-grc1	De Mutatione Nominum	Philo Judaeus	Leopoldvs Cohn	Typis Et Impensis Georgii Reimeri	XDCCCLXXXXI
tlg0018.tlg019.xml	tlg0018.tlg019	urn:cts:greekLit:tlg0018.tlg019.opp-grc1	De Somniis (Lib. I-Ii)	Philo Judaeus	Leopoldvs Cohn	Typis Et Impensis Georgii Reimeri	XDCCCLXXXXI
tlg0018.tlg020.xml	tlg0018.tlg020	urn:cts:greekLit:tlg0018.tlg020.opp-grc1	De Abrahamo	Philo Judaeus	Leopoldvs Cohn Et Pavlvs Wendland	Typis Et Impensis Georgii Reimeri	MCMII
tlg0018.tlg021.xml	tlg0018.tlg021	urn:cts:greekLit:tlg0018.tlg021.opp-grc1	De Josepho	Philo Judaeus	Leopoldvs Cohn Et Pavlvs Wendland	Typis Et Impensis Georgii Reimeri	MCMII
tlg0018.tlg022.xml	tlg0018.tlg022	urn:cts:greekLit:tlg0018.tlg022.opp-grc1	De Vita Mosis (Lib. I-Ii)	Philo Judaeus	Leopoldvs Cohn Et Pavlvs Wendland	Typis Et Impensis Georgii Reimeri	MCMII
tlg0018.tlg023.xml	tlg0018.tlg023	urn:cts:greekLit:tlg0018.tlg023.opp-grc1	De Decalogo	Philo Judaeus	Leopoldvs Cohn Et Pavlvs Wendland	Typis Et Impensis Georgii Reimeri	MCMII
tlg0018.tlg024.xml	tlg0018.tlg024	urn:cts:greekLit:tlg0018.tlg024.opp-grc1	De Specialibus Legibus (Lib. I-Iv)	Philo Judaeus	Leopoldvs Cohn Et Pavlvs Wendland	Typis Et Impensis Georgii Reimeri	MCMII
tlg0018.tlg025.xml	tlg0018.tlg025	urn:cts:greekLit:tlg0018.tlg025.opp-grc1	De Virtutibus	Philo Judaeus	Leopoldvs Cohn Et Pavlvs Wendland	Typis Et Impensis Georgii Reimeri	MCMII
tlg0018.tlg026.xml	tlg0018.tlg026	urn:cts:greekLit:tlg0018.tlg026.opp-grc1	De Praemiis Et Poenis %7 De Exsecrationibus	Philo Judaeus	Leopoldvs Cohn Et Pavlvs Wendland	Typis Et Impensis Georgii Reimeri	MCMII
tlg0018.tlg027.xml	tlg0018.tlg027	urn:cts:greekLit:tlg0018.tlg027.opp-grc1	Quod Omnis Probus Liber Sit	Philo Judaeus	Leopoldvs Cohn Et Pavlvs Wendland	Typis Et Impensis Georgii Reimeri	MCMII
tlg0018.tlg028.xml	tlg0018.tlg028	urn:cts:greekLit:tlg0018.tlg028.opp-grc1	De Vita Contemplativa	Philo Judaeus	Leopoldvs Cohn Et Pavlvs Wendland	Typis Et Impensis Georgii Reimeri	MCMII
tlg0018.tlg029.xml	tlg0018.tlg029	urn:cts:greekLit:tlg0018.tlg029.opp-grc1	De Aeternitate Mundi	Philo Judaeus	Leopoldvs Cohn Et Pavlvs Wendland	Typis Et Impensis Georgii Reimeri	MCMII
tlg0018.tlg030.xml	tlg0018.tlg030	urn:cts:greekLit:tlg0018.tlg030.opp-grc1	In Flaccum	Philo Judaeus	Leopoldvs Cohn Et Pavlvs Wendland	Typis Et Impensis Georgii Reimeri	MCMII
tlg0018.tlg031.xml	tlg0018.tlg031	urn:cts:greekLit:tlg0018.tlg031.opp-grc1	Legatio Ad Gaium	Philo Judaeus	Leopoldvs Cohn Et Pavlvs Wendland	Typis Et Impensis Georgii Reimeri	MCMII
tlg0057.tlg019.xml	tlg0057.tlg019	urn:cts:greekLit:tlg0057.tlg019.opp-grc1	De Victu Attenuante	Galenus	Carolus Kalbfleisch	In Aedibus B.G. Teubneri	MDCCCXCVIII.
tlg0363.tlg007.xml	tlg0363.tlg007	urn:cts:greekLit:tlg0363.tlg007.opp-grc2	Apotelesmatica (%6 Tetrabiblos)	Claudius Ptolemaeus	F. Boll† Et Æ. Boer	In Aedibvs B.G. Tevbneri	MCMLIV
tlg0527.tlg001.xml	tlg0527.tlg001	urn:cts:greekLit:tlg0527.tlg001.opp-grc2	Genesis	Septuaginta	Henry Barclay Swete	University Press	1901
tlg0527.tlg002.xml	tlg0527.tlg002	urn:cts:greekLit:tlg0527.tlg002.opp-grc2	Exodus	Septuaginta	Henry Barclay Swete	University Press	1901
tlg0527.tlg003.xml	tlg0527.tlg003	urn:cts:greekLit:tlg0527.tlg003.opp-grc2	Leviticus	Septuaginta	Henry Barclay Swete	University Press	1901
tlg0527.tlg004.xml	tlg0527.tlg004	urn:cts:greekLit:tlg0527.tlg004.opp-grc2	Numeri	Septuaginta	Henry Barclay Swete	University Press	1901
tlg0527.tlg005.xml	tlg0527.tlg005	urn:cts:greekLit:tlg0527.tlg005.opp-grc2	Deuteronomium	Septuaginta	Henry Barclay Swete	University Press	1901
tlg0527.tlg006.xml	tlg0527.tlg006	urn:cts:greekLit:tlg0527.tlg006.opp-grc2	Josue (Cod. Vaticanus %7 Cod. Alexandrinus)	Septuaginta	Henry Barclay Swete	University Press	1901
tlg0527.tlg008.xml	tlg0527.tlg008	urn:cts:greekLit:tlg0527.tlg008.opp-grc2	Judices (Cod. Alexandrinus)	Septuaginta	Henry Barclay Swete	University Press	1901
tlg0527.tlg010.xml	tlg0527.tlg010	urn:cts:greekLit:tlg0527.tlg010.opp-grc2	Ruth	Septuaginta	Henry Barclay Swete	University Press	1901
tlg0527.tlg011.xml	tlg0527.tlg011	urn:cts:greekLit:tlg0527.tlg011.opp-grc2	Regnorum I (Samuelis I In Textu Masoretico)	Septuaginta	Henry Barclay Swete	University Press	1901
tlg0527.tlg012.xml	tlg0527.tlg012	urn:cts:greekLit:tlg0527.tlg012.opp-grc2	Regnorum Ii (Samuelis Ii In Textu Masoretico)	Septuaginta	Henry Barclay Swete	University Press	1901
tlg0527.tlg013.xml	tlg0527.tlg013	urn:cts:greekLit:tlg0527.tlg013.opp-grc2	Regnorum Iii (Regum I In Textu Masoretico)	Septuaginta	Henry Barclay Swete	University Press	1901
tlg0527.tlg014.xml	tlg0527.tlg014	urn:cts:greekLit:tlg0527.tlg014.opp-grc2	Regnorum Iv (Regum Ii In Textu Masoretico)	Septuaginta	Henry Barclay Swete	University Press	1901
tlg0527.tlg030.xml	tlg0527.tlg030	urn:cts:greekLit:tlg0527.tlg030.opp-grc2	Ecclesiastes	Septuaginta	J. H. A. Hart, M.A.	Cambridge	1909
tlg0527.tlg048.opp.eng2.xml	tlg0527.tlg048.opp.eng2	urn:cts:greekLit:tlg0527.tlg048.opp-eng2	Isaias	Septuaginta	R. R. Ottley, M.A.	C. J. Clay And Sons Cambridge University Press Warehouse Ave Maria Lane	1904
tlg0527.tlg048.opp.grc2.xml	tlg0527.tlg048.opp.grc2	urn:cts:greekLit:tlg0527.tlg048.opp-grc2	Isaias	Septuaginta	R. R. Ottley, M.A.	C. J. Clay And Sons Cambridge University Press Warehouse Ave Maria Lane	1904
tlg0544.tlg001.opp-grc1.xml	tlg0544.tlg001.opp-grc1	urn:cts:greekLit:tlg0544.tlg001.opp-grc1	Pyrrhoniae Hypotyposes	Sextus Empiricus	Hermannus Mutschmann	In Aedibus B. G. Teubneri	MCMXII
tlg0544.tlg001.opp-grc2.xml	tlg0544.tlg001.opp-grc3	urn:cts:greekLit:tlg0544.tlg001.opp-grc3	Pyrrhoniae Hypotyposes	Sextus Empiricus	Hermannus Mutschmann	In Aedibus B. G. Teubneri	MCMXII
tlg0544.tlg001.opp-lat1.xml	tlg0544.tlg001.opp-lat1	urn:cts:greekLit:tlg0544.tlg001.opp-lat1	Pyrrhoniae Hypotyposes	Sextus Empiricus	Hermannus Mutschmann	In Aedibus B. G. Teubneri	MCMXII
tlg0544.tlg002.xml	tlg0544.tlg002	urn:cts:greekLit:tlg0544.tlg002.opp-grc1	Adversus Mathematicos	Sextus Empiricus	Hermannus Mutschmann	In Aedibus B. G. Teubneri	MCMXII
tlg0615.tlg001.xml	tlg0615.tlg001	urn:cts:greekLit:tlg0615.tlg001.opp-grc1	In Ethica Nichomachea Commentaria	Aspasius	Gustavus Heylbut	Berolini: Typis Et Impensis G. Reimeri	1889
tlg0732.tlg004.opp-grc1.xml	tlg0732.tlg004.opp-grc1	urn:cts:greekLit:tlg0732.tlg004.opp-grc1	In Aristotelis Metaphysica Commentaria	Alexander	Michael Hayduck	Berolini: Typis Et Impensis G. Reimeri	1891
tlg0732.tlg005.opp-grc1.xml	tlg0732.tlg005.opp-grc1	urn:cts:greekLit:tlg0732.tlg005.opp-grc1	In Aristotelis Analyticorum Priorum Librum I Commentarium	Alexander	Maximilianus Wallies	Berolini: Typis Et Impensis G. Reimeri	1883
tlg0732.tlg006.opp-grc1.xml	tlg0732.tlg006.opp-grc1	urn:cts:greekLit:tlg0732.tlg006.opp-grc1	In Aristotelis Topicorum Libros Octo Commentaria	Alexander	Maximilianus Wallies	Berolini: Typis Et Impensis G. Reimeri	1891
tlg0732.tlg007.opp-grc1.xml	tlg0732.tlg007.opp-grc1	urn:cts:greekLit:tlg0732.tlg007.opp-grc1	In Librum De Sensu Commentarium	Alexander	Paulus Wendland	Berolini: Typis Et Impensis G. Reimeri	1901
tlg0732.tlg008.opp-grc1.xml	tlg0732.tlg008.opp-grc1	urn:cts:greekLit:tlg0732.tlg008.opp-grc1	In Aristotelis Meteorologicorum Libros Commentaria	Alexander	Michael Hayduck	Berolini: Typis Et Impensis G. Reimeri	1899
tlg0732.tlgX01.opp-grc1.xml	tlg0732.tlgX01.opp-grc1	urn:cts:greekLit:tlg0732.tlgX01.opp-grc1	In Aristotelis Sophisticos Elenchos Commentarius [Sp.]	Alexander	Maximilianus Wallies	Berolini: Typis Et Impensis G. Reimeri	1898
tlg1463.tlg001.opp.ger1.xml	tlg1463.tlg001.opp.ger1	urn:cts:greekLit:tlg1463.tlg001.opp-ger1	Apocalypsis Enochi	Liber Enoch	Dr. Joh. Flemming	J.C.Hinrichs'Sche Buchhandlung	1901
tlg1463.tlg001.opp.grc1.xml	tlg1463.tlg001.opp.grc1	urn:cts:greekLit:tlg1463.tlg001.opp-grc1	Apocalypsis Enochi	Liber Enoch	Dr. Joh. Flemming	J.C.Hinrichs'Sche Buchhandlung	1901
tlg1551.tlg001.xml	tlg1551.tlg001	urn:cts:greekLit:tlg1551.tlg001.opp-grc1	Oracula	Oracula Sibyllina	Dr. Joh. Geffchen	J. C. Hinrichs'Sche Bechhandlung	1902
tlg1551.tlg002.xml	tlg1551.tlg002	urn:cts:greekLit:tlg1551.tlg002.opp-grc1	Fragmenta	Oracula Sibyllina	Dr. Joh. Geffchen	J. C. Hinrichs'Sche Bechhandlung	1902
tlg2001.tlg038.xml	tlg2001.tlg038	urn:cts:greekLit:tlg2001.tlg038.opp-grc1	Analyticorum Posteriorum Paraphrasis	Themistius	Maximilianus Wallies	Typis Et Impensis Georgii Reimeri	MCM
tlg2001.tlg039.xml	tlg2001.tlg039	urn:cts:greekLit:tlg2001.tlg039.opp-grc1	In Aristotelis Physica Paraphrasis	Themistius	Maximilianus Wallies	Typis Et Impensis Georgii Reimeri	MCM
tlg2001.tlg040.xml	tlg2001.tlg040	urn:cts:greekLit:tlg2001.tlg040.opp-grc1	In Aristotelis Libros De Anima Paraphrasis	Themistius	Maximilianus Wallies	Typis Et Impensis Georgii Reimeri	MCM
tlg2001.tlg041.xml	tlg2001.tlg041	urn:cts:greekLit:tlg2001.tlg041.opp-grc1	(Sophoniae) In Parva Naturalia Commentarium	Themistius	Samuel Landauer	Typis Et Impensis Georgii Reimeri	MCMII
tlg2001.tlg042.opp.grc1.xml	tlg2001.tlg042.opp.grc1	urn:cts:greekLit:tlg2001.tlg042.opp-grc1	Quae Fertur In Aristotelis Analyticorum Priorum Librum I	Themistius	Michael Hayduck	Berolini: Typis Et Impensis G. Reimeri	1883-1884
tlg2001.tlg043.opp.grc1.xml	tlg2001.tlg043.opp.grc1	urn:cts:greekLit:tlg2001.tlg043.opp-grc1	In Libros Aristotelis De Caelo Paraphrasis	Themistius	Samuel Landauer	Typis Et Impensis Georgii Reimeri	MCMII
tlg2001.tlg044.opp.grc1.xml	tlg2001.tlg044.opp.grc1	urn:cts:greekLit:tlg2001.tlg044.opp-lat1	In Aristotelis Metaphysicorum	Themistius	Samuel Landauer	Typis Et Impensis Georgii Reimeri	MCMII
tlg2018.tlg001.opp-grc1.xml	tlg2018.tlg001.opp-grc1	urn:cts:greekLit:tlg2018.tlg001.opp-grc1	Praeparatio Evangelica	Eusebius	Guilielmus Dindorfius	In Aedibus B. G. Teubneri.	MDCCCLXVII.
tlg2018.tlg002.opp-grc2.xml	tlg2018.tlg002.opp-grc2	urn:cts:greekLit:tlg2018.tlg002.opp-grc2	Historia Ecclesiastica	Eusebius	Guilielmus Dindorfius.	In Aedibus B. G. Teubneri	MDCCCLXXI.
tlg2018.tlg003.xml	tlg2018.tlg003	urn:cts:greekLit:tlg2018.tlg003.opp-grc1	De Martyribus Palaestinae (Recensio Brevior)	Eusebius	Guilielmus Dindorfius.	In Aedibus B. G. Teubneri	MDCCCLXXI.
tlg2018.tlg005.xml	tlg2018.tlg005	urn:cts:greekLit:tlg2018.tlg005.opp-grc1	Demonstratio Evangelica	Eusebius	Guilieimus Didnorfius.	In Aedibus B. G. Teubneri.	MDCCCLXVIII.
tlg2018.tlg010.opp.ger1.xml	tlg2018.tlg010.opp.ger1	urn:cts:greekLit:tlg2018.tlg010.opp-ger1	De Theophania (Fragmenta)	Eusebius	Lic. Dr. Erich Klostermann	J. C. Hinrichs'Sche Buchhandlung	1904
tlg2018.tlg010.opp.grc1.xml	tlg2018.tlg010.opp.grc1	urn:cts:greekLit:tlg2018.tlg010.opp-grc1	De Theophania (Fragmenta)	Eusebius	Lic. Dr. Erich Klostermann	J. C. Hinrichs'Sche Buchhandlung	1904
tlg2018.tlg011.xml	tlg2018.tlg011	urn:cts:greekLit:tlg2018.tlg011.opp-grc1	Onomasticon	Eusebius	Lic. Dr. Erich Klostermann	J. C. Hinrichs'Sche Buchhandlung	1904
tlg2018.tlg012.xml	tlg2018.tlg012	urn:cts:greekLit:tlg2018.tlg012.opp-grc1	In Cantica Canticorum Interpretatio	Eusebius	Professor Lic. Dr. Erich Klostermann	J. C. Hinrichs'Sche Buchhandlung	1906
tlg2018.tlg012a.xml	tlg2018.tlg012a	urn:cts:greekLit:tlg2018.tlg012a.opp-grc1	In Cantica Canticorum Interpretatio – Contents	Eusebius	Professor Lic. Dr. Erich Klostermann	J. C. Hinrichs'Sche Buchhandlung	1906
tlg2018.tlg020.opp-grc1.xml	tlg2018.tlg020.opp-grc1	urn:cts:greekLit:tlg2018.tlg020.opp-grc1	Vita Constantini	Eusebius	Dr. Ivar A. Heikel	J.C.Hinrichs'Sche Buchhandlung	1902
tlg2018.tlg020a.opp-grc1.xml	tlg2018.tlg020a.opp-grc1	urn:cts:greekLit:tlg2018.tlg020a.opp-grc1	Vita Constantini – Contents	Eusebius	Dr. Ivar A. Heikel	J.C.Hinrichs'Sche Buchhandlung	1902
tlg2018.tlg021a.opp-grc1.xml	tlg2018.tlg021a.opp-grc1	urn:cts:greekLit:tlg2018.tlg021a.opp-grc1	Oration of Constantine	Eusebius	Dr. Ivar A. Heikel	J.C.Hinrichs'Sche Buchhandlung	1902
tlg2018.tlg021a.opp-grc2.xml	tlg2018.tlg021a.opp-grc2	urn:cts:greekLit:tlg2018.tlg021a.opp-grc2	Oration of Constantine	Eusebius	Dr. Ivar A. Heikel	J.C.Hinrichs'Sche Buchhandlung	1902
tlg2018.tlg022.xml	tlg2018.tlg022	urn:cts:greekLit:tlg2018.tlg022.opp-grc1	De Laudibus Constantini	Eusebius	Dr. Ivar A. Heikel	J.C.Hinrichs'Sche Buchhandlung	1902
tlg2021.tlg001.opp-grc1.xml	tlg2021.tlg001.opp-grc1	urn:cts:greekLit:tlg2021.tlg001.opp-grc1	Ancoratus	Epiphanius	D.Dr. Karl Holl	J. C. Hinrichs'Sche Buchhandlung	1915
tlg2021.tlg002.opp-grc1.xml	tlg2021.tlg002.opp-grc1	urn:cts:greekLit:tlg2021.tlg002.opp-grc1	Panarion (%6 Adversus Haereses)	Epiphanius	D.Dr. Karl Holl	J. C. Hinrichs'Sche Buchhandlung	1915
tlg2021.tlg003.opp-grc1.xml	tlg2021.tlg003.opp-grc1	urn:cts:greekLit:tlg2021.tlg003.opp-grc1	Anacephalaeosis [Sp.]	Epiphanius	D. Dr. Karl Holl	J. C. Hinrichs'Sche Buchhandlung	1922
tlg2022.tlg003.xml	tlg2022.tlg003	urn:cts:greekLit:tlg2022.tlg003.opp-grc1	Christus Patiens [Dub.] (Fort. Auctore Constantino Manasse)	Gregorius Nazianzenus	Dr. J. G. Brambs.	In Aedibus B. G. Teubneri.	MDCCCLXXXV.
tlg2022.tlg007.xml	tlg2022.tlg007	urn:cts:greekLit:tlg2022.tlg007.opp-grc1	Adversus Eunomianos (Orat. 27)	Gregorius Nazianzenus	Arthur James Mason, D.D.	At The University Press.	1899
tlg2022.tlg008.xml	tlg2022.tlg008	urn:cts:greekLit:tlg2022.tlg008.opp-grc1	De Theologia (Orat. 28)	Gregorius Nazianzenus	Arthur James Mason, D.D.	At The University Press.	1899
tlg2022.tlg009.xml	tlg2022.tlg009	urn:cts:greekLit:tlg2022.tlg009.opp-grc1	De Filio (Orat. 29)	Gregorius Nazianzenus	Arthur James Mason, D.D.	At The University Press.	1899
tlg2022.tlg010.xml	tlg2022.tlg010	urn:cts:greekLit:tlg2022.tlg010.opp-grc1	De Filio (Orat. 30)	Gregorius Nazianzenus	Arthur James Mason, D.D.	At The University Press.	1899
tlg2022.tlg011.xml	tlg2022.tlg011	urn:cts:greekLit:tlg2022.tlg011.opp-grc1	De Spiritu Sancto (Orat. 31)	Gregorius Nazianzenus	Arthur James Mason, D.D.	At The University Press.	1899
tlg2034.tlg006.xml	tlg2034.tlg006	urn:cts:greekLit:tlg2034.tlg006.opp-grc1	Isagoge Sive Quinque Voces	Porphyrius	Adolfus Busse	Typis Et Impensis Georgii Reimeri	MDCCCLXXXVII.
tlg2034.tlg007.xml	tlg2034.tlg007	urn:cts:greekLit:tlg2034.tlg007.opp-grc1	In Aristotelis Categorias Expositio Per Interrogationem Et	Porphyrius	Adolfus Busse	Typis Et Impensis Georgii Reimeri	MDCCCLXXXVII.
tlg2036.tlg001.opp-grc1.xml	tlg2036.tlg001.opp-grc1	urn:cts:greekLit:tlg2036.tlg001.opp-grc1	In Aristotelis Categorias Commentarium	Dexippus	Adolfus Busse	Berolini: Typis Et Impensis G. Reimeri	1888
tlg2041.tlg001.xml	tlg2041.tlg001	urn:cts:greekLit:tlg2041.tlg001.opp-grc1	Fragmenta	Marcellus	Professor Lic. Dr. Erich Klostermann	J. C. Hinrichs'Sche Buchhandlung	1906
tlg2041.tlg015.xml	tlg2041.tlg015	urn:cts:greekLit:tlg2041.tlg015.opp-grc1	Das Fragment an der Canticakatene	Marcellus	Dr. Erich Klostermann	J. C. Hinrichs'Sche Buchhandlung	1901
tlg2042.tlg005.xml	tlg2042.tlg005	urn:cts:greekLit:tlg2042.tlg005.opp-grc1	Commentarii In Evangelium Joannis (Lib. 1, 2, 4, 5, 6, 10, 13)	Origenes	Lic. Dr. Erwin Preushen	J. C. Hinrich'S Sche Buchhandlung	1903
tlg2042.tlg006.xml	tlg2042.tlg006	urn:cts:greekLit:tlg2042.tlg006.opp-grc1	Fragmenta In Evangelium Joannis (In Catenis)	Origenes	Lic. Dr. Erwin Preushen	J. C. Hinrich'S Sche Buchhandlung	1903
tlg2042.tlg009.xml	tlg2042.tlg009	urn:cts:greekLit:tlg2042.tlg009.opp-grc1	In Jeremiam (Homiliae 1-11)	Origenes	Dr. Erich Klostermann	J. C. Hinrichs'Sche Buchhandlung	1901
tlg2042.tlg010.xml	tlg2042.tlg010	urn:cts:greekLit:tlg2042.tlg010.opp-grc1	Fragmenta In Jeremiam (In Catenis)	Origenes	Dr. Erich Klostermann	J. C. Hinrichs'Sche Buchhandlung	1901
tlg2042.tlg011.xml	tlg2042.tlg011	urn:cts:greekLit:tlg2042.tlg011.opp-grc1	Fragmenta In Lamentationes (In Catenis)	Origenes	Dr. Erich Klostermann	J. C. Hinrichs'Sche Buchhandlung	1901
tlg2042.tlg012.xml	tlg2042.tlg012	urn:cts:greekLit:tlg2042.tlg012.opp-grc1	Fragmentum In Lamentationes (In Catenis)	Origenes	Dr. Erich Klostermann	J. C. Hinrichs'Sche Buchhandlung	1901
tlg2042.tlg013.xml	tlg2042.tlg013	urn:cts:greekLit:tlg2042.tlg013.opp-grc1	De Engastrimytho (%6 Homilia In I Reg. [I Sam.] 28.3-25)	Origenes	Dr. Erich Klostermann	J. C. Hinrichs'Sche Buchhandlung	1901
tlg2042.tlg014.xml	tlg2042.tlg014	urn:cts:greekLit:tlg2042.tlg014.opp-grc1	Fragmenta In Librum Primum Regnorum (In Catenis)	Origenes	Dr. Erich Klostermann	J. C. Hinrichs'Sche Buchhandlung	1901
tlg2042.tlg016.xml	tlg2042.tlg016	urn:cts:greekLit:tlg2042.tlg016.opp-grc1	Homiliae In Lucam	Origenes	Dr. Max Rauer	J. C. Hinrichs'Sche Buchhandlung	1930
tlg2042.tlg017.xml	tlg2042.tlg017	urn:cts:greekLit:tlg2042.tlg017.opp-grc1	Fragmenta In Lucam (In Catenis)	Origenes	Dr. Max Rauer	J. C. Hinrichs'Sche Buchhandlung	1930
tlg2042.tlg021.xml	tlg2042.tlg021	urn:cts:greekLit:tlg2042.tlg021.opp-grc1	In Jeremiam (Homiliae 12-20)	Origenes	Dr. Erich Klostermann	J. C. Hinrichs'Sche Buchhandlung	1901
tlg2042.tlg028.xml	tlg2042.tlg028	urn:cts:greekLit:tlg2042.tlg028.opp-grc1	Commentariorum Series In Evangelium Matthaei (Mt. 22.34-27.63)	Origenes	D.Dr. Erich Klostermann	J. C. Hinrichs'Sche Buchhandlung	1933
tlg2042.tlg029.xml	tlg2042.tlg029	urn:cts:greekLit:tlg2042.tlg029.opp-grc1	Commentarium In Evangelium Matthaei (Lib. 10-11)	Origenes	D. Dr. Erich Klostermann	J. C. Hinrichs'Sche Buchhandlung	1935
tlg2042.tlg030.xml	tlg2042.tlg030	urn:cts:greekLit:tlg2042.tlg030.opp-grc1	Commentarium In Evangelium Matthaei (Lib. 12-17)	Origenes	D. Dr. Erich Klostermann	J. C. Hinrichs'Sche Buchhandlung	1935
tlg2042.tlg084.xml	tlg2042.tlg084	urn:cts:greekLit:tlg2042.tlg084.opp-grc1	Fragmenta In Jeremiam (E Philocalia)	Origenes	Dr. Erich Klostermann	J. C. Hinrichs'Sche Buchhandlung	1901
tlg2050.tlg001.opp-grc1.xml	tlg2050.tlg001.opp-grc1	urn:cts:greekLit:tlg2050.tlg001.opp-grc1	Vitae Sophistarum	Eunapius	Richardus Foerster	In Aedibus B.G. Teubneri	1903
tlg2115.tlg060.xml	tlg2115.tlg060	urn:cts:greekLit:tlg2115.tlg060.opp-grc1	Refutatio Omnium Haeresium (%6 Philosophumena)	Hippolytus	D. Dr. Paul Wendland	J. C. Hinrichs'Sche Buchhandlung	1916
tlg2200.tlg001.opp.grc1.xml	tlg2200.tlg001.opp.grc1	urn:cts:greekLit:tlg2200.tlg001.opp-grc1	Epistulae 1-1544	Libanius	Richardus Foerster	Georg Olms Verlagsbuchhandlung	1963
tlg2200.tlg00401.xml	tlg2200.tlg00401	urn:cts:greekLit:tlg2200.tlg00401.opp-grc1	Orationes 1	Libanius	Richardus Foerster	In Aedibus B.G. Teubneri	1903
tlg2200.tlg00402.xml	tlg2200.tlg00402	urn:cts:greekLit:tlg2200.tlg00402.opp-grc1	Orationes 2	Libanius	Richardus Foerster	In Aedibus B.G. Teubneri	1903
tlg2200.tlg00403.xml	tlg2200.tlg00403	urn:cts:greekLit:tlg2200.tlg00403.opp-grc1	Orationes 3	Libanius	Richardus Foerster	In Aedibus B.G. Teubneri	1903
tlg2200.tlg00404.xml	tlg2200.tlg00404	urn:cts:greekLit:tlg2200.tlg00404.opp-grc1	Orationes 4	Libanius	Richardus Foerster	In Aedibus B.G. Teubneri	1903
tlg2200.tlg00405.xml	tlg2200.tlg00405	urn:cts:greekLit:tlg2200.tlg00405.opp-grc1	Orationes 5	Libanius	Richardus Foerster	In Aedibus B.G. Teubneri	1903
tlg2200.tlg00406.xml	tlg2200.tlg00406	urn:cts:greekLit:tlg2200.tlg00406.opp-grc1	Orationes 6	Libanius	Richardus Foerster	In Aedibus B.G. Teubneri	1903
tlg2200.tlg00407.xml	tlg2200.tlg00407	urn:cts:greekLit:tlg2200.tlg00407.opp-grc1	Orationes 7	Libanius	Richardus Foerster	In Aedibus B.G. Teubneri	1903
tlg2200.tlg00408.xml	tlg2200.tlg00408	urn:cts:greekLit:tlg2200.tlg00408.opp-grc1	Orationes 8	Libanius	Richardus Foerster	In Aedibus B.G. Teubneri	1903
tlg2200.tlg00409.xml	tlg2200.tlg00409	urn:cts:greekLit:tlg2200.tlg00409.opp-grc1	Orationes 9	Libanius	Richardus Foerster	In Aedibus B.G. Teubneri	1903
tlg2200.tlg00410.xml	tlg2200.tlg00410	urn:cts:greekLit:tlg2200.tlg00410.opp-grc1	Orationes 10	Libanius	Richardus Foerster	In Aedibus B.G. Teubneri	1903
tlg2200.tlg00411.xml	tlg2200.tlg00411	urn:cts:greekLit:tlg2200.tlg00411.opp-grc1	Orationes 11	Libanius	Richardus Foerster	In Aedibus B.G. Teubneri	1903
tlg2200.tlg00426.xml	tlg2200.tlg00426	urn:cts:greekLit:tlg2200.tlg00426.opp-grc1	Orationes 26	Libanius	Richardus Foerster	In Aedibus B.G. Teubneri	1906
tlg2200.tlg00427.xml	tlg2200.tlg00427	urn:cts:greekLit:tlg2200.tlg00427.opp-grc1	Orationes 27	Libanius	Richardus Foerster	In Aedibus B.G. Teubneri	1906
tlg2200.tlg00428.xml	tlg2200.tlg00428	urn:cts:greekLit:tlg2200.tlg00428.opp-grc1	Orationes 28	Libanius	Richardus Foerster	In Aedibus B.G. Teubneri	1906
tlg2200.tlg00429.xml	tlg2200.tlg00429	urn:cts:greekLit:tlg2200.tlg00429.opp-grc1	Orationes 29	Libanius	Richardus Foerster	In Aedibus B.G. Teubneri	1906
tlg2200.tlg00430.xml	tlg2200.tlg00430	urn:cts:greekLit:tlg2200.tlg00430.opp-grc1	Orationes 30	Libanius	Richardus Foerster	In Aedibus B.G. Teubneri	1906
tlg2200.tlg00431.xml	tlg2200.tlg00431	urn:cts:greekLit:tlg2200.tlg00431.opp-grc1	Orationes 31	Libanius	Richardus Foerster	In Aedibus B.G. Teubneri	1906
tlg2200.tlg00432.xml	tlg2200.tlg00432	urn:cts:greekLit:tlg2200.tlg00432.opp-grc1	Orationes 32	Libanius	Richardus Foerster	In Aedibus B.G. Teubneri	1906
tlg2200.tlg00433.xml	tlg2200.tlg00433	urn:cts:greekLit:tlg2200.tlg00433.opp-grc1	Orationes 33	Libanius	Richardus Foerster	In Aedibus B.G. Teubneri	1906
tlg2200.tlg00434.xml	tlg2200.tlg00434	urn:cts:greekLit:tlg2200.tlg00434.opp-grc1	Orationes 34	Libanius	Richardus Foerster	In Aedibus B.G. Teubneri	1906
tlg2200.tlg00435.xml	tlg2200.tlg00435	urn:cts:greekLit:tlg2200.tlg00435.opp-grc1	Orationes 35	Libanius	Richardus Foerster	In Aedibus B.G. Teubneri	1906
tlg2200.tlg00436.xml	tlg2200.tlg00436	urn:cts:greekLit:tlg2200.tlg00436.opp-grc1	Orationes 36	Libanius	Richardus Foerster	In Aedibus B.G. Teubneri	1906
tlg2200.tlg00437.xml	tlg2200.tlg00437	urn:cts:greekLit:tlg2200.tlg00437.opp-grc1	Orationes 37	Libanius	Richardus Foerster	In Aedibus B.G. Teubneri	1906
tlg2200.tlg00438.xml	tlg2200.tlg00438	urn:cts:greekLit:tlg2200.tlg00438.opp-grc1	Orationes 38	Libanius	Richardus Foerster	In Aedibus B.G. Teubneri	1906
tlg2200.tlg00439.xml	tlg2200.tlg00439	urn:cts:greekLit:tlg2200.tlg00439.opp-grc1	Orationes 39	Libanius	Richardus Foerster	In Aedibus B.G. Teubneri	1906
tlg2200.tlg00440.xml	tlg2200.tlg00440	urn:cts:greekLit:tlg2200.tlg00440.opp-grc1	Orationes 40	Libanius	Richardus Foerster	In Aedibus B.G. Teubneri	1906
tlg2200.tlg00441.xml	tlg2200.tlg00441	urn:cts:greekLit:tlg2200.tlg00441.opp-grc1	Orationes 41	Libanius	Richardus Foerster	In Aedibus B.G. Teubneri	1906
tlg2200.tlg00442.xml	tlg2200.tlg00442	urn:cts:greekLit:tlg2200.tlg00442.opp-grc1	Orationes 42	Libanius	Richardus Foerster	In Aedibus B.G. Teubneri	1906
tlg2200.tlg00443.xml	tlg2200.tlg00443	urn:cts:greekLit:tlg2200.tlg00443.opp-grc1	Orationes 43	Libanius	Richardus Foerster	In Aedibus B.G. Teubneri	1906
tlg2200.tlg00444.xml	tlg2200.tlg00444	urn:cts:greekLit:tlg2200.tlg00444.opp-grc1	Orationes 44	Libanius	Richardus Foerster	In Aedibus B.G. Teubneri	1906
tlg2200.tlg00445.xml	tlg2200.tlg00445	urn:cts:greekLit:tlg2200.tlg00445.opp-grc1	Orationes 45	Libanius	Richardus Foerster	In Aedibus B.G. Teubneri	1906
tlg2200.tlg00446.xml	tlg2200.tlg00446	urn:cts:greekLit:tlg2200.tlg00446.opp-grc1	Orationes 46	Libanius	Richardus Foerster	In Aedibus B.G. Teubneri	1906
tlg2200.tlg00447.xml	tlg2200.tlg00447	urn:cts:greekLit:tlg2200.tlg00447.opp-grc1	Orationes 47	Libanius	Richardus Foerster	In Aedibus B.G. Teubneri	1906
tlg2200.tlg00448.xml	tlg2200.tlg00448	urn:cts:greekLit:tlg2200.tlg00448.opp-grc1	Orationes 48	Libanius	Richardus Foerster	In Aedibus B.G. Teubneri	1906
tlg2200.tlg00449.xml	tlg2200.tlg00449	urn:cts:greekLit:tlg2200.tlg00449.opp-grc1	Orationes 49	Libanius	Richardus Foerster	In Aedibus B.G. Teubneri	1906
tlg2200.tlg00450.xml	tlg2200.tlg00450	urn:cts:greekLit:tlg2200.tlg00450.opp-grc1	Orationes 50	Libanius	Richardus Foerster	In Aedibus B.G. Teubneri	1906
tlg2200.tlg00451.xml	tlg2200.tlg00451	urn:cts:greekLit:tlg2200.tlg00451.opp-grc1	Orationes 51	Libanius	Richardus Foerster	In Aedibus B.G. Teubneri	1908
tlg2200.tlg00452.xml	tlg2200.tlg00452	urn:cts:greekLit:tlg2200.tlg00452.opp-grc1	Orationes 52	Libanius	Richardus Foerster	In Aedibus B.G. Teubneri	1908
tlg2200.tlg00453.xml	tlg2200.tlg00453	urn:cts:greekLit:tlg2200.tlg00453.opp-grc1	Orationes 53	Libanius	Richardus Foerster	In Aedibus B.G. Teubneri	1908
tlg2200.tlg00454.xml	tlg2200.tlg00454	urn:cts:greekLit:tlg2200.tlg00454.opp-grc1	Orationes 54	Libanius	Richardus Foerster	In Aedibus B.G. Teubneri	1908
tlg2200.tlg00455.xml	tlg2200.tlg00455	urn:cts:greekLit:tlg2200.tlg00455.opp-grc1	Orationes 55	Libanius	Richardus Foerster	In Aedibus B.G. Teubneri	1908
tlg2200.tlg00456.xml	tlg2200.tlg00456	urn:cts:greekLit:tlg2200.tlg00456.opp-grc1	Orationes 56	Libanius	Richardus Foerster	In Aedibus B.G. Teubneri	1908
tlg2200.tlg00457.xml	tlg2200.tlg00457	urn:cts:greekLit:tlg2200.tlg00457.opp-grc1	Orationes 57	Libanius	Richardus Foerster	In Aedibus B.G. Teubneri	1908
tlg2200.tlg00458.xml	tlg2200.tlg00458	urn:cts:greekLit:tlg2200.tlg00458.opp-grc1	Orationes 58	Libanius	Richardus Foerster	In Aedibus B.G. Teubneri	1908
tlg2200.tlg00459.xml	tlg2200.tlg00459	urn:cts:greekLit:tlg2200.tlg00459.opp-grc1	Orationes 59	Libanius	Richardus Foerster	In Aedibus B.G. Teubneri	1908
tlg2200.tlg00460.xml	tlg2200.tlg00460	urn:cts:greekLit:tlg2200.tlg00460.opp-grc1	Orationes 60	Libanius	Richardus Foerster	In Aedibus B.G. Teubneri	1908
tlg2200.tlg00461.xml	tlg2200.tlg00461	urn:cts:greekLit:tlg2200.tlg00461.opp-grc1	Orationes 61	Libanius	Richardus Foerster	In Aedibus B.G. Teubneri	1908
tlg2200.tlg00462.xml	tlg2200.tlg00462	urn:cts:greekLit:tlg2200.tlg00462.opp-grc1	Orationes 62	Libanius	Richardus Foerster	In Aedibus B.G. Teubneri	1908
tlg2200.tlg00463.xml	tlg2200.tlg00463	urn:cts:greekLit:tlg2200.tlg00463.opp-grc1	Orationes 63	Libanius	Richardus Foerster	In Aedibus B.G. Teubneri	1908
tlg2200.tlg00464.xml	tlg2200.tlg00464	urn:cts:greekLit:tlg2200.tlg00464.opp-grc1	Orationes 64	Libanius	Richardus Foerster	In Aedibus B.G. Teubneri	1908
tlg2200.tlg00501.xml	tlg2200.tlg00501	urn:cts:greekLit:tlg2200.tlg00501.opp-grc1	Declamationes 1	Libanius	Richardus Foerster	In Aedibus B.G. Teubneri	1909
tlg2200.tlg00502.xml	tlg2200.tlg00502	urn:cts:greekLit:tlg2200.tlg00502.opp-grc1	Declamationes 2	Libanius	Richardus Foerster	In Aedibus B.G. Teubneri	1909
tlg2200.tlg00503.xml	tlg2200.tlg00503	urn:cts:greekLit:tlg2200.tlg00503.opp-grc1	Declamationes 3	Libanius	Richardus Foerster	In Aedibus B.G. Teubneri	1909
tlg2200.tlg00504.xml	tlg2200.tlg00504	urn:cts:greekLit:tlg2200.tlg00504.opp-grc1	Declamationes 4	Libanius	Richardus Foerster	In Aedibus B.G. Teubneri	1909
tlg2200.tlg00505.xml	tlg2200.tlg00505	urn:cts:greekLit:tlg2200.tlg00505.opp-grc1	Declamationes 5	Libanius	Richardus Foerster	In Aedibus B.G. Teubneri	1909
tlg2200.tlg00506.xml	tlg2200.tlg00506	urn:cts:greekLit:tlg2200.tlg00506.opp-grc1	Declamationes 6	Libanius	Richardus Foerster	In Aedibus B.G. Teubneri	1909
tlg2200.tlg00507.xml	tlg2200.tlg00507	urn:cts:greekLit:tlg2200.tlg00507.opp-grc1	Declamationes 7	Libanius	Richardus Foerster	In Aedibus B.G. Teubneri	1909
tlg2200.tlg00508.xml	tlg2200.tlg00508	urn:cts:greekLit:tlg2200.tlg00508.opp-grc1	Declamationes 8	Libanius	Richardus Foerster	In Aedibus B.G. Teubneri	1909
tlg2200.tlg00509.xml	tlg2200.tlg00509	urn:cts:greekLit:tlg2200.tlg00509.opp-grc1	Declamationes 9	Libanius	Richardus Foerster	In Aedibus B.G. Teubneri	1909
tlg2200.tlg00510.xml	tlg2200.tlg00510	urn:cts:greekLit:tlg2200.tlg00510.opp-grc1	Declamationes 10	Libanius	Richardus Foerster	In Aedibus B.G. Teubneri	1909
tlg2200.tlg00511.xml	tlg2200.tlg00511	urn:cts:greekLit:tlg2200.tlg00511.opp-grc1	Declamationes 11	Libanius	Richardus Foerster	In Aedibus B.G. Teubneri	1909
tlg2200.tlg00512.xml	tlg2200.tlg00512	urn:cts:greekLit:tlg2200.tlg00512.opp-grc1	Declamationes 12	Libanius	Richardus Foerster	In Aedibus B.G. Teubneri	1909
tlg2200.tlg00513.xml	tlg2200.tlg00513	urn:cts:greekLit:tlg2200.tlg00513.opp-grc1	Declamationes 13	Libanius	Richardus Foerster	In Aedibus B. G. Teubneri	1911
tlg2200.tlg00514.xml	tlg2200.tlg00514	urn:cts:greekLit:tlg2200.tlg00514.opp-grc1	Declamationes 14	Libanius	Richardus Foerster	In Aedibus B. G. Teubneri	1911
tlg2200.tlg00515.xml	tlg2200.tlg00515	urn:cts:greekLit:tlg2200.tlg00515.opp-grc1	Declamationes 15	Libanius	Richardus Foerster	In Aedibus B. G. Teubneri	1911
tlg2200.tlg00516.xml	tlg2200.tlg00516	urn:cts:greekLit:tlg2200.tlg00516.opp-grc1	Declamationes 16	Libanius	Richardus Foerster	In Aedibus B. G. Teubneri	1911
tlg2200.tlg00517.xml	tlg2200.tlg00517	urn:cts:greekLit:tlg2200.tlg00517.opp-grc1	Declamationes 17	Libanius	Richardus Foerster	In Aedibus B. G. Teubneri	1911
tlg2200.tlg00518.xml	tlg2200.tlg00518	urn:cts:greekLit:tlg2200.tlg00518.opp-grc1	Declamationes 18	Libanius	Richardus Foerster	In Aedibus B. G. Teubneri	1911
tlg2200.tlg00519.xml	tlg2200.tlg00519	urn:cts:greekLit:tlg2200.tlg00519.opp-grc1	Declamationes 19	Libanius	Richardus Foerster	In Aedibus B. G. Teubneri	1911
tlg2200.tlg00520.xml	tlg2200.tlg00520	urn:cts:greekLit:tlg2200.tlg00520.opp-grc1	Declamationes 20	Libanius	Richardus Foerster	In Aedibus B. G. Teubneri	1911
tlg2200.tlg00521.xml	tlg2200.tlg00521	urn:cts:greekLit:tlg2200.tlg00521.opp-grc1	Declamationes 21	Libanius	Richardus Foerster	In Aedibus B. G. Teubneri	1911
tlg2200.tlg00522.xml	tlg2200.tlg00522	urn:cts:greekLit:tlg2200.tlg00522.opp-grc1	Declamationes 22	Libanius	Richardus Foerster	In Aedibus B. G. Teubneri	1911
tlg2200.tlg00523.xml	tlg2200.tlg00523	urn:cts:greekLit:tlg2200.tlg00523.opp-grc1	Declamationes 23	Libanius	Richardus Foerster	In Aedibus B. G. Teubneri	1911
tlg2200.tlg00524.xml	tlg2200.tlg00524	urn:cts:greekLit:tlg2200.tlg00524.opp-grc1	Declamationes 24	Libanius	Richardus Foerster	In Aedibus B. G. Teubneri	1911
tlg2200.tlg00525.xml	tlg2200.tlg00525	urn:cts:greekLit:tlg2200.tlg00525.opp-grc1	Declamationes 25	Libanius	Richardus Foerster	In Aedibus B. G. Teubneri	1911
tlg2200.tlg00526.xml	tlg2200.tlg00526	urn:cts:greekLit:tlg2200.tlg00526.opp-grc1	Declamationes 26	Libanius	Richardus Foerster	In Aedibus B. G. Teubneri	1911
tlg2200.tlg00527.xml	tlg2200.tlg00527	urn:cts:greekLit:tlg2200.tlg00527.opp-grc1	Declamationes 27	Libanius	Richardus Foerster	In Aedibus B. G. Teubneri	1911
tlg2200.tlg00528.xml	tlg2200.tlg00528	urn:cts:greekLit:tlg2200.tlg00528.opp-grc1	Declamationes 28	Libanius	Richardus Foerster	In Aedibus B. G. Teubneri	1911
tlg2200.tlg00529.xml	tlg2200.tlg00529	urn:cts:greekLit:tlg2200.tlg00529.opp-grc1	Declamationes 29	Libanius	Richardus Foerster	In Aedibus B. G. Teubneri	1911
tlg2200.tlg00530.xml	tlg2200.tlg00530	urn:cts:greekLit:tlg2200.tlg00530.opp-grc1	Declamationes 30	Libanius	Richardus Foerster	In Aedibus B. G. Teubneri	1911
tlg2200.tlg00531.xml	tlg2200.tlg00531	urn:cts:greekLit:tlg2200.tlg00531.opp-grc1	Declamationes 31	Libanius	Richardus Foerster	In Aedibus B. G. Teubneri	1913
tlg2200.tlg00532.xml	tlg2200.tlg00532	urn:cts:greekLit:tlg2200.tlg00532.opp-grc1	Declamationes 32	Libanius	Richardus Foerster	In Aedibus B. G. Teubneri	1913
tlg2200.tlg00533.xml	tlg2200.tlg00533	urn:cts:greekLit:tlg2200.tlg00533.opp-grc1	Declamationes 33	Libanius	Richardus Foerster	In Aedibus B. G. Teubneri	1913
tlg2200.tlg00534.xml	tlg2200.tlg00534	urn:cts:greekLit:tlg2200.tlg00534.opp-grc1	Declamationes 34	Libanius	Richardus Foerster	In Aedibus B. G. Teubneri	1913
tlg2200.tlg00535.xml	tlg2200.tlg00535	urn:cts:greekLit:tlg2200.tlg00535.opp-grc1	Declamationes 35	Libanius	Richardus Foerster	In Aedibus B. G. Teubneri	1913
tlg2200.tlg00536.xml	tlg2200.tlg00536	urn:cts:greekLit:tlg2200.tlg00536.opp-grc1	Declamationes 36	Libanius	Richardus Foerster	In Aedibus B. G. Teubneri	1913
tlg2200.tlg00537.xml	tlg2200.tlg00537	urn:cts:greekLit:tlg2200.tlg00537.opp-grc1	Declamationes 37	Libanius	Richardus Foerster	In Aedibus B. G. Teubneri	1913
tlg2200.tlg00538.xml	tlg2200.tlg00538	urn:cts:greekLit:tlg2200.tlg00538.opp-grc1	Declamationes 38	Libanius	Richardus Foerster	In Aedibus B. G. Teubneri	1913
tlg2200.tlg00539.xml	tlg2200.tlg00539	urn:cts:greekLit:tlg2200.tlg00539.opp-grc1	Declamationes 39	Libanius	Richardus Foerster	In Aedibus B. G. Teubneri	1913
tlg2200.tlg00540.xml	tlg2200.tlg00540	urn:cts:greekLit:tlg2200.tlg00540.opp-grc1	Declamationes 40	Libanius	Richardus Foerster	In Aedibus B. G. Teubneri	1913
tlg2200.tlg00541.xml	tlg2200.tlg00541	urn:cts:greekLit:tlg2200.tlg00541.opp-grc1	Declamationes 41	Libanius	Richardus Foerster	In Aedibus B. G. Teubneri	1913
tlg2200.tlg00542.xml	tlg2200.tlg00542	urn:cts:greekLit:tlg2200.tlg00542.opp-grc1	Declamationes 42	Libanius	Richardus Foerster	In Aedibus B. G. Teubneri	1913
tlg2200.tlg00543.xml	tlg2200.tlg00543	urn:cts:greekLit:tlg2200.tlg00543.opp-grc1	Declamationes 43	Libanius	Richardus Foerster	In Aedibus B. G. Teubneri	1913
tlg2200.tlg00544.xml	tlg2200.tlg00544	urn:cts:greekLit:tlg2200.tlg00544.opp-grc1	Declamationes 44	Libanius	Richardus Foerster	In Aedibus B. G. Teubneri	1913
tlg2200.tlg00545.xml	tlg2200.tlg00545	urn:cts:greekLit:tlg2200.tlg00545.opp-grc1	Declamationes 45	Libanius	Richardus Foerster	In Aedibus B. G. Teubneri	1913
tlg2200.tlg00546.xml	tlg2200.tlg00546	urn:cts:greekLit:tlg2200.tlg00546.opp-grc1	Declamationes 46	Libanius	Richardus Foerster	In Aedibus B. G. Teubneri	1913
tlg2200.tlg00547.xml	tlg2200.tlg00547	urn:cts:greekLit:tlg2200.tlg00547.opp-grc1	Declamationes 47	Libanius	Richardus Foerster	In Aedibus B. G. Teubneri	1913
tlg2200.tlg00548.xml	tlg2200.tlg00548	urn:cts:greekLit:tlg2200.tlg00548.opp-grc1	Declamationes 48	Libanius	Richardus Foerster	In Aedibus B. G. Teubneri	1913
tlg2200.tlg00549.xml	tlg2200.tlg00549	urn:cts:greekLit:tlg2200.tlg00549.opp-grc1	Declamationes 49	Libanius	Richardus Foerster	In Aedibus B. G. Teubneri	1913
tlg2200.tlg00550.xml	tlg2200.tlg00550	urn:cts:greekLit:tlg2200.tlg00550.opp-grc1	Declamationes 50	Libanius	Richardus Foerster	In Aedibus B. G. Teubneri	1913
tlg2200.tlg00551.xml	tlg2200.tlg00551	urn:cts:greekLit:tlg2200.tlg00551.opp-grc1	Declamationes 51	Libanius	Richardus Foerster	In Aedibus B. G. Teubneri	1913
tlg2200.tlg008.xml	tlg2200.tlg008	urn:cts:greekLit:tlg2200.tlg008.opp-grc1	Characteres Epistolici [Sp.]	Libanius	Richardus Foerster	Georg Olms Verlagsbuchhandlung	1963
tlg2371.tlg001.xml	tlg2371.tlg001	urn:cts:greekLit:tlg2371.tlg001.opp-grc1	Chronicon Paschale	Chronicon Paschale	B. G. Niebuhrii C. F.	Impensis Ed. Weberi	MDCCCXXXII.
tlg2703.tlg001.opp-grc1.xml	tlg2703.tlg001.opp-grc1	urn:cts:greekLit:tlg2703.tlg001.opp-grc1	Alexias	Anna Comnena	Augustus Reifferscheidii	In Aedibus B. G. Teubneri	MDCCCLXXXIV
tlg2703.tlg001.opp-grclat1.xml	tlg2703.tlg001.opp-grclat1	urn:cts:greekLit:tlg2703.tlg001.opp-grclat1	Alexias	Anna Comnena	Ludovicus Schopenus.	Impensis Ed. Weberi	MDCCCLXXVIII.
tlg2768.tlg001.xml	tlg2768.tlg001	urn:cts:greekLit:tlg2768.tlg001.opp-grc1	Historia Ecclesiastica	Gelasius	Dr. Margret Heinemann	J. C. Hinrichs'Sche Buchhandlung	1918
tlg2768.tlg002.opp.grc1.xml	tlg2768.tlg002.opp.grc1	urn:cts:greekLit:tlg2768.tlg002.opp.grc1	According to Eusebius and Theognius	Gelasius	Dr. Margret Heinemann	J. C. Hinrichs'Sche Buchhandlung	1918
tlg2959.tlg001.xml	tlg2959.tlg001	urn:cts:greekLit:tlg2959.tlg001.opp-grc1	Symposium Sive Convivium Decem Virginum	Methodius	D.G. Nathanael Bonwetsch	J. C. Hinrichs'Sche Buchhandlung	1917
tlg2959.tlg002.xml	tlg2959.tlg002	urn:cts:greekLit:tlg2959.tlg002.opp-grc1	De Libero Arbitrio	Methodius	D.G. Nathanael Bonwetsch	J. C. Hinrichs'Sche Buchhandlung	1917
tlg2959.tlg002.opp.ger1.xml	tlg2959.tlg002.opp.ger1	urn:cts:greekLit:tlg2959.tlg002.opp-ger1	De Libero Arbitrio	Methodius	D.G. Nathanael Bonwetsch	J. C. Hinrichs'Sche Buchhandlung	1917
tlg2959.tlg003.opp.ger1.xml	tlg2959.tlg003.opp.ger1	urn:cts:greekLit:tlg2959.tlg003.opp-ger1	De Resurrectione	Methodius	D.G. Nathanael Bonwetsch	J. C. Hinrichs'Sche Buchhandlung	1917
tlg2959.tlg004.opp.ger1.xml	tlg2959.tlg004.opp.ger1	urn:cts:greekLit:tlg2959.tlg004.opp-ger1	De Lepra Ad Sistelium	Methodius	D.G. Nathanael Bonwetsch	J. C. Hinrichs'Sche Buchhandlung	1917
tlg2959.tlg005.opp.grc1.xml	tlg2959.tlg005.opp.grc1	urn:cts:greekLit:tlg2959.tlg005.opp-grc1	De Creatis (Fragmenta Ap. Photium, Bibl. Cod. 235)	Methodius	D.G. Nathanael Bonwetsch	J. C. Hinrichs'Sche Buchhandlung	1917
tlg2959.tlg006.opp.grc1.xml	tlg2959.tlg006.opp.grc1	urn:cts:greekLit:tlg2959.tlg006.opp-grc1	Adversus Porphyrium (Fragmenta)	Methodius	D.G. Nathanael Bonwetsch	J. C. Hinrichs'Sche Buchhandlung	1917
tlg2959.tlg007.xml	tlg2959.tlg007	urn:cts:greekLit:tlg2959.tlg007.opp-grc1	Fragmenta In Job (In Catenis)	Methodius	D.G. Nathanael Bonwetsch	J. C. Hinrichs'Sche Buchhandlung	1917
tlg2959.tlg008.opp.grc1.xml	tlg2959.tlg008.opp.grc1	urn:cts:greekLit:tlg2959.tlg008.opp-grc1	De Martyribus (Fragmenta)	Methodius	D.G. Nathanael Bonwetsch	J. C. Hinrichs'Sche Buchhandlung	1917
tlg2959.tlg010.opp.grc1.xml	tlg2959.tlg010.opp.grc1	urn:cts:greekLit:tlg2959.tlg010.opp-grc1	Fragmenta Incerta [Sp.]	Methodius	D.G. Nathanael Bonwetsch	J. C. Hinrichs'Sche Buchhandlung	1917
tlg2959.tlg011.opp.ger1.xml	tlg2959.tlg011.opp.ger1	urn:cts:greekLit:tlg2959.tlg011.opp-ger1	In Genesim (In Catenis)	Methodius	D.G. Nathanael Bonwetsch	J. C. Hinrichs'Sche Buchhandlung	1917
tlg2959.tlg012.opp.ger1.xml	tlg2959.tlg012.opp.ger1	urn:cts:greekLit:tlg2959.tlg012.opp-ger1	Sermo De Simeone Et Anna [Sp.]	Methodius	D.G. Nathanael Bonwetsch	J. C. Hinrichs'Sche Buchhandlung	1917
tlg3135.tlg001.opp-grc1.xml	tlg3135.tlg001.opp-grc1	urn:cts:greekLit:tlg3135.tlg001.opp-grc1	Epitome Historiarum (Lib. 1-12)	Joannes Zonaras	Ludovicus Dindorfius.	In Aedibus Β. G. Teubneri.	1868
tlg3135.tlg004.opp-grc1.xml	tlg3135.tlg004.opp-grc1	urn:cts:greekLit:tlg3135.tlg004.opp-grc1	Argumenta	Joannes Zonaras	Ludovicus Dindorfius.	In Aedibus B. G. Teubneri.	MDCCCLXXI.
tlg3135.tlg005.opp-grc1.xml	tlg3135.tlg005.opp-grc1	urn:cts:greekLit:tlg3135.tlg005.opp-grc1	Chronologia	Joannes Zonaras	Ludovicus Dindorfius.	In Aedibus B. G. Teubneri.	MDCCCLXXI.
tlg4013.tlg001.xml	tlg4013.tlg001	urn:cts:greekLit:tlg4013.tlg001.opp-grc1	In Aristotelis Quattuor Libros De Caelo Commentaria	Simplicius	I.L. Heiberg	Typis Et Impensis Georgii Reimeri	MDCCCLXXXXIII.
tlg4013.tlg003.xml	tlg4013.tlg003	urn:cts:greekLit:tlg4013.tlg003.opp-grc1	In Aristotelis Categorias Commentarium	Simplicius	Carolus Kalbfleisch	Typis Et Impensis Georgii Reimeri	MCMVII
tlg4013.tlg004.opp-grc1.xml	tlg4013.tlg004.opp-grc1	urn:cts:greekLit:tlg4013.tlg004.opp-grc1	In Aristotelis Physicorum Libros Commentaria	Simplicius	Hermannus Diels	Typis Et Impensis Georgh Reimeri	MDCCCLXXXXV
tlg4013.tlg005.xml	tlg4013.tlg005	urn:cts:greekLit:tlg4013.tlg005.opp-grc1	In Aristotelis Libros De Anima Commentaria [Sp.?] (Fort. Auctore	Simplicius	Michael Hayduck	Typis Et Impensis G. Reimeri	MDCCCLXXXII
tlg4015.tlg001.xml	tlg4015.tlg001	urn:cts:greekLit:tlg4015.tlg001.opp-grc1	In Aristotelis Categorias Commentarium	Joannes Philoponus	Adolfus Busse	Typis Et Impensis Georgii Reimeri	MDCCCLXXXXVIII
tlg4015.tlg002.xml	tlg4015.tlg002	urn:cts:greekLit:tlg4015.tlg002.opp-grc1	In Aristotelis Analytica Priora Commentaria	Joannes Philoponus	Adolfus Busse	Typis Et Impensis Georgii Reimeri	MDCCCLXXXXVIII
tlg4015.tlg003.xml	tlg4015.tlg003	urn:cts:greekLit:tlg4015.tlg003.opp-grc1	In Aristotelis Analytica Posteriora Commentaria (Prooemium E	Joannes Philoponus	Maximillanus Wallies	Tyis Et Impensis Georgh Reimeri	MCMIX
tlg4015.tlg005.opp-grc1.xml	tlg4015.tlg005.opp-grc1	urn:cts:greekLit:tlg4015.tlg005.opp-grc1	In Aristotelis Meteorologicorum Librum Primum Commentarium	Joannes Philoponus	Michael Hayduck	Berolini: Typis Et Impensis G. Reimeri	1901
tlg4015.tlg006.opp-grc1.xml	tlg4015.tlg006.opp-grc1	urn:cts:greekLit:tlg4015.tlg006.opp-grc1	In Aristotelis Libros De Generatione Et Corruptione Commentaria	Joannes Philoponus	Michael Hayduck	Berolini: Typis Et Impensis G. Reimeri	1901
tlg4015.tlg007.opp-grc1.xml	tlg4015.tlg007.opp-grc1	urn:cts:greekLit:tlg4015.tlg007.opp-grc1	In Libros De Generatione Animalium Commentaria	Joannes Philoponus	Michael Hayduck	Berolini: Typis Et Impensis G. Reimeri	1901
tlg4015.tlg008.xml	tlg4015.tlg008	urn:cts:greekLit:tlg4015.tlg008.opp-grc1	In Aristotelis Libros De Anima Commentaria	Joannes Philoponus	Michael Hayduck	Typis Et Impensis Georgii Reimeri	MDCCCLXXXXVII
tlg4015.tlg009.xml	tlg4015.tlg009	urn:cts:greekLit:tlg4015.tlg009.opp-grc1	In Aristotelis Physicorum Libros Commentaria	Joannes Philoponus	Hieronymus Vitelli	Typis Et Impensis Georgii Reimeri	MDCCCLXXXVII.
tlg4016.tlg001.xml	tlg4016.tlg001	urn:cts:greekLit:tlg4016.tlg001.opp-grc2	In Porphyrii Isagogen Sive Quinque Voces	Ammonius	Adolfus Busse	Berolini: Typis Et Impensis G. Reimeri	1888
tlg4016.tlg002.xml	tlg4016.tlg002	urn:cts:greekLit:tlg4016.tlg002.opp-grc2	In Aristotelis Categorias Commentarius	Ammonius	Adolfus Busse	Berolini: Typis Et Impensis G. Reimeri	1888
tlg4016.tlg003.xml	tlg4016.tlg003	urn:cts:greekLit:tlg4016.tlg003.opp-grc2	In Aristotelis Librum De Interpretatione Commentarius	Ammonius	Adolfus Busse	Berolini: Typis Et Impensis G. Reimeri	1888
tlg4016.tlg004.xml	tlg4016.tlg004	urn:cts:greekLit:tlg4016.tlg004.opp-grc2	In Aristotelis Analyticorum Priorum Librum I Commentarium	Ammonius	Adolfus Busse	Berolini: Typis Et Impensis G. Reimeri	1888
tlg4017.tlg001.xml	tlg4017.tlg001	urn:cts:greekLit:tlg4017.tlg001.opp-grc1	In Aristotelis Metaphysica Commentaria	Syrianus	Guilelmus Kroll	Typis Et Impensis Georgii Reimeri	MCMII
tlg4018.tlg001.xml	tlg4018.tlg001	urn:cts:greekLit:tlg4018.tlg001.opp-grc2	In Aristotelis Metaphysicorum Libros A-Z Commentaria	Asclepius	Guilelmus Kroll	Typis Et Impensis Georgii Reimeri	MCMII
tlg4019.tlg001.xml	tlg4019.tlg001	urn:cts:greekLit:tlg4019.tlg001.opp-grc1	Prolegomena	Olympiodorus	Adolfus Busse	In Aedibus B. G. Teubneri	MDCCCLXVII
tlg4019.tlg003.xml	tlg4019.tlg003	urn:cts:greekLit:tlg4019.tlg003.opp-grc1	In Aristotelis Meteora Commentaria	Olympiodorus	Adolfus Busse	In Aedibus B. G. Teubneri	MDCCCLXVII
tlg4020.tlg001.xml	tlg4020.tlg001	urn:cts:greekLit:tlg4020.tlg001.opp-grc1	In Porphyrii Isagogen	Elias	Adolfus Busse	Typis Et Impensis Georgii Reimeri	MCM
tlg4020.tlg002.xml	tlg4020.tlg002	urn:cts:greekLit:tlg4020.tlg002.opp-grc1	Eliae (Olim Davidis) In Aristotelis Categorias Commentarium	Elias	Adolfus Busse	Typis Et Impensis Georgii Reimeri	MCM
tlg4021.tlg002.xml	tlg4021.tlg002	urn:cts:greekLit:tlg4021.tlg002.opp-grc1	In Porphyrii Isagogen Commentarium	David	Adolfus Busse	Typis Et Impensis Georgii Reimeri	MCM
tlg4024.tlg001.xml	tlg4024.tlg001	urn:cts:greekLit:tlg4024.tlg001.opp-grc2	Historiae	Agathias Scholasticus	B. G. Niebuhrii C.F.	In Aedibus B. G. Teubneri	MDCCCLXVII
tlg4024.tlg002.xml	tlg4024.tlg002	urn:cts:greekLit:tlg4024.tlg002.opp-grc12	Epigrammata	Agathias Scholasticus	B. G. Niebuhrii C.F.	In Aedibus B. G. Teubneri	MDCCCLXVII
tlg4027.tlg001.opp.grc1.xml	tlg4027.tlg001.opp.grc1	urn:cts:greekLit:tlg4027.tlg001.opp-grc1	Paraphrasis Categoriarum	Anonymi In Aristotelis Categorias	Michael Hayduck	Berolini: Typis Et Impensis G. Reimeri	1883-1884
tlg4030.tlg001.opp-grc1.xml	tlg4030.tlg001.opp-grc1	urn:cts:greekLit:tlg4030.tlg001.opp-grc1	In Aristotelis Libros De Anima Paraphrasis	Sophonias	Michael Hayduck	Berolini: Typis Et Impensis G. Reimeri	1883-1884
tlg4031.tlg002.xml	tlg4031.tlg002	urn:cts:greekLit:tlg4031.tlg002.opp-grc1	In Aristotelis Ethica Nicomachea I Commentaria	Eustratius	Gustavus Heylbut	Typis Et Impensis Georgii Beimeri	MDCCCLXXXXII
tlg4033.tlg003.xml	tlg4033.tlg003	urn:cts:greekLit:tlg4033.tlg003.opp-grc1	In Ethica Nicomachea Paraphrasis (Pseudepigraphum Olim A	Anonymi In Aristotelis Ethica Nicomachea	Gustavus Heylbut	Berolini: Typis Et Impensis G. Reimeri	1889
tlg4034.tlg002.opp-grc1.xml	tlg4034.tlg002.opp-grc1	urn:cts:greekLit:tlg4034.tlg002.opp-grc1	In Parva Naturalia Commentaria	Michael	Paulus Wendland	Berolini: Typis Et Impensis G. Reimeri	1903
tlg4034.tlg002.opp.grc1.xml	tlg4034.tlg002.opp.grc1	urn:cts:greekLit:tlg4034.tlg002.opp-grc1	In Parva Naturalia Commentaria	Michael	Paulus Wendland	Berolini: Typis Et Impensis G. Reimeri	1903
tlg4034.tlg003.xml	tlg4034.tlg003	urn:cts:greekLit:tlg4034.tlg003.opp-grc2	In Libros De Partibus Animalium Commentaria	Michael	Paulus Wendland	Berolini: Typis Et Impensis G. Reimeri	1903
tlg4034.tlg003.opp.grc1.xml	tlg4034.tlg003.opp.grc1	urn:cts:greekLit:tlg4034.tlg003.opp-grc1	In Libros De Partibus Animalium Commentaria	Michael	Paulus Wendland	Berolini: Typis Et Impensis G. Reimeri	1903
tlg4034.tlg006.xml	tlg4034.tlg006	urn:cts:greekLit:tlg4034.tlg006.opp-grc2	In Librum Quintum Ethicorum Nicomacheorum Commentarium	Michael	Paulus Wendland	Berolini: Typis Et Impensis G. Reimeri	1903
tlg4034.tlg006.opp.grc1.xml	tlg4034.tlg006.opp.grc1	urn:cts:greekLit:tlg4034.tlg006.opp-grc1	In Librum Quintum Ethicorum Nicomacheorum Commentarium	Michael	Paulus Wendland	Berolini: Typis Et Impensis G. Reimeri	1903
tlg4036.tlg001.opp-grc1.xml	tlg4036.tlg001.opp-grc1	urn:cts:greekLit:tlg4036.tlg001.opp-grc1	In Platonis Rem Publicam Commentarii	Proclus	Gvilelmvs Kroll	In Aedibvs B. G. Tevbneri	MDCCCXCIX
tlg4089.tlg003.xml	tlg4089.tlg003	urn:cts:greekLit:tlg4089.tlg003.opp-grc1	Historia Ecclesiastica	Theodoretus	Dr. Léon Parmentier	J.C. Hinrichs'Sche Buchhandlung	1911
tlg4102.tlg001.xml	tlg4102.tlg001	urn:cts:greekLit:tlg4102.tlg001.opp-grc1	Catena In Matthaeum (Catena Integra) (E Cod. Paris. Coislin. Gr.	Catenae (Novum Testamentum)	John Anthony Cramer	E Typographeo Academico	1844
tlg4102.tlg002.xml	tlg4102.tlg002	urn:cts:greekLit:tlg4102.tlg002.opp-grc1	Catena In Marcum (Recensio Ii) (E Codd. Oxon. Bodl. Laud. 33 %7	Catenae (Novum Testamentum)	John Anthony Cramer	E Typographeo Academico	1844
tlg4102.tlg004.xml	tlg4102.tlg004	urn:cts:greekLit:tlg4102.tlg004.opp-grc1	Catena In Lucam (Typus B) (E Codd. Paris. Coislin. 23 %7 Oxon.	Catenae (Novum Testamentum)	John Anthony Cramer	E Typographeo Academico	1844
tlg4102.tlg005.xml	tlg4102.tlg005	urn:cts:greekLit:tlg4102.tlg005.opp-grc1	Catena In Joannem (Catena Integra) (E Codd. Paris. Coislin. 23 %7	Catenae (Novum Testamentum)	John Anthony Cramer	E Typographeo Academico	1844
tlg4102.tlg006.xml	tlg4102.tlg006	urn:cts:greekLit:tlg4102.tlg006.opp-grc1	Supplementum Et Varietas Lectionis Ad Catenam In Evangelium	Catenae (Novum Testamentum)	John Anthony Cramer	E Typographeo Academico	1844
tlg4102.tlg007.xml	tlg4102.tlg007	urn:cts:greekLit:tlg4102.tlg007.opp-grc1	Supplementum Et Varietas Lectionis Ad Catenam In Evangelium	Catenae (Novum Testamentum)	John Anthony Cramer	E Typographeo Academico	1844
tlg4102.tlg008.xml	tlg4102.tlg008	urn:cts:greekLit:tlg4102.tlg008.opp-grc1	Catena In Acta (Catena Andreae) (E Cod. Oxon. Coll. Nov. 58)	Catenae (Novum Testamentum)	John Anthony Cramer	E Typographeo Academico	1844
tlg4102.tlg010.opp-grc1.xml	tlg4102.tlg010.opp-grc1	urn:cts:greekLit:tlg4102.tlg010.opp-grc1	Catena In Epistulam Ad Romanos (Typus Vaticanus) (E Cod. Oxon.	Catenae (Novum Testamentum)	John Anthony Cramer	E Typographeo Academico	1844
tlg4102.tlg011.xml	tlg4102.tlg011	urn:cts:greekLit:tlg4102.tlg011.opp-grc1	Catena In Epistulam Ad Romanos (Typus Monacensis) (E Cod. Monac.	Catenae (Novum Testamentum)	John Anthony Cramer	E Typographeo Academico	1844
tlg4102.tlg012.opp-grc1.xml	tlg4102.tlg012.opp-grc1	urn:cts:greekLit:tlg4102.tlg012.opp-grc1	Catena In Epistulam I Ad Corinthios (Typus Vaticanus) (E Cod.	Catenae (Novum Testamentum)	John Anthony Cramer	E Typographeo Academico	1844
tlg4102.tlg013.xml	tlg4102.tlg013	urn:cts:greekLit:tlg4102.tlg013.opp-grc1	Catena In Epistulam Ii Ad Corinthios (Catena Pseudo-Oecumenii)	Catenae (Novum Testamentum)	John Anthony Cramer	E Typographeo Academico	1844
tlg4102.tlg019.xml	tlg4102.tlg019	urn:cts:greekLit:tlg4102.tlg019.opp-grc1	Catena In Epistulam Ad Galatas (Typus Parisinus) (E Cod.	Catenae (Novum Testamentum)	John Anthony Cramer	E Typographeo Academico	1844
tlg4102.tlg020.xml	tlg4102.tlg020	urn:cts:greekLit:tlg4102.tlg020.opp-grc1	Catena In Epistulam Ad Ephesios (Typus Parisinus) (E Cod.	Catenae (Novum Testamentum)	John Anthony Cramer	E Typographeo Academico	1844
tlg4102.tlg021.xml	tlg4102.tlg021	urn:cts:greekLit:tlg4102.tlg021.opp-grc1	Catena In Epistulam Ad Philippenses (Typus Parisinus) (E Cod.	Catenae (Novum Testamentum)	John Anthony Cramer	E Typographeo Academico	1844
tlg4102.tlg022.xml	tlg4102.tlg022	urn:cts:greekLit:tlg4102.tlg022.opp-grc1	Catena In Epistulam Ad Colossenses (Typus Parisinus) (E Cod.	Catenae (Novum Testamentum)	John Anthony Cramer	E Typographeo Academico	1844
tlg4102.tlg023.xml	tlg4102.tlg023	urn:cts:greekLit:tlg4102.tlg023.opp-grc1	Catena In Epistulam I Ad Thessalonicenses (Typus Parisinus) (E	Catenae (Novum Testamentum)	John Anthony Cramer	E Typographeo Academico	1844
tlg4102.tlg024.xml	tlg4102.tlg024	urn:cts:greekLit:tlg4102.tlg024.opp-grc1	Catena In Epistulam Ii Ad Thessalonicenses (Typus Parisinus) (E	Catenae (Novum Testamentum)	John Anthony Cramer	E Typographeo Academico	1844
tlg4102.tlg034.xml	tlg4102.tlg034	urn:cts:greekLit:tlg4102.tlg034.opp-grc1	Catena In Epistulam I Ad Timotheum (E Cod. Paris. Coislin. 204)	Catenae (Novum Testamentum)	John Anthony Cramer	E Typographeo Academico	1844
tlg4102.tlg035.xml	tlg4102.tlg035	urn:cts:greekLit:tlg4102.tlg035.opp-grc1	Catena In Epistulam Ii Ad Timotheum (E Cod. Paris. Coislin. 204)	Catenae (Novum Testamentum)	John Anthony Cramer	E Typographeo Academico	1844
tlg4102.tlg036.xml	tlg4102.tlg036	urn:cts:greekLit:tlg4102.tlg036.opp-grc1	Catena In Epistulam Ad Titum (E Cod. Paris. Coislin. 204)	Catenae (Novum Testamentum)	John Anthony Cramer	E Typographeo Academico	1844
tlg4102.tlg037.xml	tlg4102.tlg037	urn:cts:greekLit:tlg4102.tlg037.opp-grc1	Catena In Epistulam Ad Philemonem (E Cod. Paris. Coislin. 204)	Catenae (Novum Testamentum)	John Anthony Cramer	E Typographeo Academico	1844
tlg4102.tlg038.xml	tlg4102.tlg038	urn:cts:greekLit:tlg4102.tlg038.opp-grc1	Catena In Epistulam Ad Hebraeos (E Cod. Paris. Coislin. 204)	Catenae (Novum Testamentum)	John Anthony Cramer	E Typographeo Academico	1844
tlg4102.tlg040.xml	tlg4102.tlg040	urn:cts:greekLit:tlg4102.tlg040.opp-grc1	Catena In Epistulam Jacobi (Catena Andreae) (E Cod. Oxon. Coll.	Catenae (Novum Testamentum)	J. A. Cramer, S.T.P.	E Typographeo Academico.	MDCCCXL.
tlg4102.tlg041.xml	tlg4102.tlg041	urn:cts:greekLit:tlg4102.tlg041.opp-grc1	Catena In Epistulam Petri I (Catena Andreae) (E Cod. Oxon. Coll.	Catenae (Novum Testamentum)	J. A. Cramer, S.T.P.	E Typographeo Academico.	MDCCCXL.
tlg4102.tlg042.xml	tlg4102.tlg042	urn:cts:greekLit:tlg4102.tlg042.opp-grc1	Catena In Epistulam Petri Ii (Catena Andreae) (E Cod. Oxon.	Catenae (Novum Testamentum)	J. A. Cramer, S.T.P.	E Typographeo Academico.	MDCCCXL.
tlg4102.tlg043.xml	tlg4102.tlg043	urn:cts:greekLit:tlg4102.tlg043.opp-grc1	Catena In Epistulam Joannis I (Catena Andreae) (E Cod. Oxon.	Catenae (Novum Testamentum)	J. A. Cramer, S.T.P.	E Typographeo Academico.	MDCCCXL.
tlg4102.tlg044.xml	tlg4102.tlg044	urn:cts:greekLit:tlg4102.tlg044.opp-grc1	Catena In Epistulam Joannis Ii (Catena Andreae) (E Cod. Oxon.	Catenae (Novum Testamentum)	J. A. Cramer, S.T.P.	E Typographeo Academico.	MDCCCXL.
tlg4102.tlg045.xml	tlg4102.tlg045	urn:cts:greekLit:tlg4102.tlg045.opp-grc1	Catena In Epistulam Joannis Iii (Catena Andreae) (E Cod. Oxon.	Catenae (Novum Testamentum)	J. A. Cramer, S.T.P.	E Typographeo Academico.	MDCCCXL.
tlg4102.tlg046.xml	tlg4102.tlg046	urn:cts:greekLit:tlg4102.tlg046.opp-grc1	Catena In Epistulam Juda (Catena Andreae) (E Cod. Oxon. Coll.	Catenae (Novum Testamentum)	J. A. Cramer, S.T.P.	E Typographeo Academico.	MDCCCXL.
tlg4102.tlgX01.xml	tlg4102.tlgX01	urn:cts:greekLit:tlg4102.tlgX01.opp-grc1	Prooemium Pseudo-Oecumenii In Apocalypsin Commentarii (E Cod.	Catenae (Novum Testamentum)	J. A. Cramer, S.T.P.	E Typographeo Academico.	MDCCCXL.
tlg4102.tlgX02.xml	tlg4102.tlgX02	urn:cts:greekLit:tlg4102.tlgX02.opp-grc1	Commentarius In Apocalypsin	Catenae (Novum Testamentum)	J. A. Cramer, S.T.P.	E Typographeo Academico.	MDCCCXL.
tlg4102.tlgX03.xml	tlg4102.tlgX03	urn:cts:greekLit:tlg4102.tlgX03.opp-grc1	Commentarius In Apocalypsin (Pseudo-Oecumenii) (E Cod. Coislin.	Catenae (Novum Testamentum)	J. A. Cramer, S.T.P.	E Typographeo Academico.	MDCCCXL.
tlg4193.tlg012.opp.grc1.xml	tlg4193.tlg012.opp.grc1	urn:cts:greekLit:tlg4193.tlg012.opp-grc1	In Aristotelis Sophisticos Elenchos Paraphrasis	Anonymi In Aristotelis Sophisticos Elenchos	Michael Hayduck	Berolini: Typis Et Impensis G. Reimeri	1883-1884
tlg9004.tlg001.opp.grc1.xml	tlg9004.tlg001.opp.grc1	urn:cts:greekLit:tlg9004.tlg001.opp-grc1	Anonymi In Analyticorum Posteriorum Librum Alterum Commentarium	Anonymi In Aristotelis Librum Alterum Analyticorum Posteriorum	Maximillanus Wallies	Tyis Et Impensis Georgh Reimeri	MCMIX
tlg9006.tlg011.opp.grc1.xml	tlg9006.tlg011.opp.grc1	urn:cts:greekLit:tlg9006.tlg011.opp-grc1	Orationes XIII-XXX	Gregorius	Richardus Foerster	In Aedibus B. G. Teubneri	1911
tlg9019.tlg001.xml	tlg9019.tlg001	urn:cts:greekLit:tlg9019.tlg001.opp-grc1	In Aristotelis Librum De Interpretatione Commentarium	Stephanus	Adolfus Busse	Typis Et Impensis Georgii Reimeri	MCM
